סמל מוסד,שם מוסד,ישוב לימודים,כתובת מוסד,מחוז גאוגרפי לחינוך,שלב חינוך כיתה,מגזר,טלפון,מספר תלמידים,נמצאים במערכת לא נכללו בגדולים 
540401,סמינר וולף,בני ברק,הרב הירש 7,תל אביב,"חט""ע",יהודי,03-618-3211,576,"סאלד א - ספר ורוד
סאלד ב- ספר סגול
סאלד ג- ספר כחול (גאומטריה)"
140715,תיכון בית יעקב,ירושלים,מלכי ישראל 57,ירושלים,"חט""ע",יהודי,02-538-2455,399,"804 ג
804 ד
804/806 א
804/806 ב'
805
806 ג
806 ד
807 א
807 ב"
444745,תיכון בגין,ראש העין,ג'ון קנדי 8,מרכז,"חט""ע",יהודי,03-902-1575,391,"801
802
802 נספח
803
804/806 א
804/806 ב'
804/806 נספח א' גיאומטריה המעגל
804/806 נספח ב' פונקציות רציונליות
807 א
807 ב"
141689,בית יעקב,מודיעין עילית,נתיבות המשפט 111,ירושלים,"חט""ע",יהודי,08-974-0372,318,"סאלד א - ספר ורוד
סאלד ב- ספר סגול
סאלד ג- ספר כחול (גאומטריה)"
244152,אורט שחקים נהריה,נהריה,שטינמץ מקס 1,צפון,"חט""ע",יהודי,04-688-0519,307,"801
802
802 נספח
803
804 ג
804 ד
804/806 א
804/806 ב'
804/806 נספח א' גיאומטריה המעגל
804/806 נספח ב' פונקציות רציונליות
805"
141432,בית יעקב דרכי רחל,ירושלים,שד גולדה מאיר 1,ירושלים,"חט""ע",יהודי,02-658-8400,300,"801
802
802 נספח
803
804 ג
804 ד
804/806 א
804/806 ב'
804/806 נספח א' גיאומטריה המעגל
804/806 נספח ב' פונקציות רציונליות
805"
248021,תיכון הגליל,נצרת,תופיק זיאד,צפון,"חט""ע",ערבי,04-647-0473,294,"804 ג
804 ד
804/806 א
804/806 ב'
804/806 נספח א' גיאומטריה המעגל
804/806 נספח ב' פונקציות רציונליות
805
806 ג
806 ד
807 א
807 ב"
340133,מקיף עירוני ק. חיים,חיפה,הגדוד העברי 48,חיפה,"חט""ע",יהודי,04-841-2228,287,"801
802
802 נספח
803
804 ג
804 ד
804/806 א
804/806 ב'
804/806 נספח א' גיאומטריה המעגל
804/806 נספח ב' פונקציות רציונליות
805
806 ג
806 ד
807 א
807 ב"
540310,מקיף שש שנתי קוגל,חולון,מוטה גור 1,תל אביב,"חט""ע",יהודי,03-501-9214,283,"801
802
802 נספח
803
804 ג
804 ד
804/806 א
804/806 ב'
804/806 נספח א' גיאומטריה המעגל
804/806 נספח ב' פונקציות רציונליות
806 ג
806 ד"
340059,אורט גרינברג קריית טבעון,קרית טבעון,כצנלסון 1,חיפה,"חט""ע",יהודי,04-983-1575,275,"801
802
802 נספח
803
804 ג
804 ד
804/806 א
804/806 ב'
804/806 נספח א' גיאומטריה המעגל
804/806 נספח ב' פונקציות רציונליות
805
806 ג
806 ד
807 א
807 ב"
448134,מקיף עתיד אלנג'אח למדעים,טייבה,טייבה,מרכז,"חט""ע",ערבי,09-881-1230,266,"804 ג
804 ד
804/806 א
804/806 ב'
804/806 נספח א' גיאומטריה המעגל
804/806 נספח ב' פונקציות רציונליות
806 ג
806 ד"
800060,מקיף אחווה ירכא,ירכא,ירכא,צפון,"חט""ע",דרוזי,04-996-2889,263,"801
802
802 נספח
803
804 ג
804 ד
804/806 א
804/806 ב'
804/806 נספח א' גיאומטריה המעגל
804/806 נספח ב' פונקציות רציונליות
805
806 ג
806 ד
807 א
807 ב"
644559,"דרכא מקיף ד' ע""ש רבין",אשקלון,שד' הציונות 6,דרום,"חט""ע",יהודי,08-671-1804,262,"801
802
802 נספח
803"
644617,תיכון ברנקו וייס מיתרים,מיתר,שדרות המייסדים,דרום,"חט""ע",יהודי,08-651-7414,261,"804/806 א
804/806 ב'
804/806 נספח א' גיאומטריה המעגל
804/806 נספח ב' פונקציות רציונליות"
800052,"תיכון ע""ש ג'מאל טרביה",סח'נין,סח'נין,צפון,"חט""ע",ערבי,04-674-4250,258,"804 ג
804 ד
805
806 ג
806 ד"
378018,תיכון עש אחמד ע.יחיא,כפר קרע,כפר קרע,חיפה,"חט""ע",ערבי,04-635-2646,255,"803
804 ג
804 ד
804/806 א
804/806 ב'
804/806 נספח א' גיאומטריה המעגל
804/806 נספח ב' פונקציות רציונליות
805
806 ג
806 ד
807 א
807 ב"
440875,עירוני ד' גן נחום,ראשון לציון,הרצל 119,מרכז,"חט""ע",יהודי,03-966-1888,254,"801
802
802 נספח
803"
248583,מקיף שאעור,מג'ד אל-כרום,מג'ד אל-כרום 1,צפון,"חט""ע",ערבי,04-998-5761,254,"804/806 א
804/806 ב'
804/806 נספח א' גיאומטריה המעגל
804/806 נספח ב' פונקציות רציונליות
806 ג
806 ד
807 א
807 ב"
189084,סמינר בית יעקב,ירושלים,"מרן הגרי""ש אלישיב 1",ירושלים,"חט""ע",יהודי,02-500-1330,252,"801
802
802 נספח
803
804 ג
804 ד
804/806 א
804/806 ב'
804/806 נספח א' גיאומטריה המעגל
804/806 נספח ב' פונקציות רציונליות
805
806 ג
806 ד
807 א
807 ב"
648048,מקיף רהט,רהט,יאסין 15,דרום,"חט""ע",בדואי,08-991-7340,249,"804 ג
804 ד
805
806 ג
806 ד
807 א
807 ב"
448167,"חט""ב אבן סינא",כפר קאסם,כפר קאסם,מרכז,"חט""ע",ערבי,03-602-1553,243,"804 ג
804 ד
804/806 א
804/806 ב'
804/806 נספח א' גיאומטריה המעגל
804/806 נספח ב' פונקציות רציונליות
805"
770859,"קריית חינוך ע""ש שמריהו בירן",עכו,אבות ובנים 2,צפון,"חט""ע",יהודי,04-991-2304,242,"804 ג
804 ד
804/806 א
804/806 ב'
804/806 נספח א' גיאומטריה המעגל
804/806 נספח ב' פונקציות רציונליות
805
807 א
חוברת קדם אנליזה"
570051,"הייטק ואומנויות ע""ש שמעון פרס",תל אביב - יפו,בנטוב מרדכי 8,תל אביב,"חט""ע",יהודי,03-688-3131,236,"801
802
802 נספח
803
804 ג
804 ד
804/806 א
804/806 ב'
804/806 נספח א' גיאומטריה המעגל
804/806 נספח ב' פונקציות רציונליות
805
806 ג
806 ד
807 א
807 ב"
648204,אלנג'אח,רהט,אלנחל 34,דרום,"חט""ע",בדואי,08-991-7701,231,"806 ג
806 ד
807 א
807 ב"
480178,"מקיף ע""ש ז'בוטינסקי",באר יעקב,כפר יוהנה זבוטינס,מרכז,"חט""ע",יהודי,08-634-9469,231,"801
802
802 נספח
803
804 ג
804 ד
804/806 א
804/806 ב'
804/806 נספח א' גיאומטריה המעגל
804/806 נספח ב' פונקציות רציונליות
805
806 ג
806 ד
807 א
807 ב"
541474,סמינר הרב מאיר,בני ברק,אהרונוביץ ראובן 31,תל אביב,"חט""ע",יהודי,03-577-4800,230,"סאלד א - ספר ורוד
סאלד ב- ספר סגול
סאלד ג- ספר כחול (גאומטריה)"
442236,"דרכא רמון ע""ש אילן ואסף רמון",גדרה,שד בגין מנחם 51,מרכז,"חט""ע",יהודי,08-859-1927,223,"803
804 ג
804 ד
804/806 א
804/806 ב'
804/806 נספח א' גיאומטריה המעגל
804/806 נספח ב' פונקציות רציונליות
805
806 ג
806 ד
807 א
807 ב"
660126,מקיף שער הנגב,ניר עם,ניר עם,דרום,"חט""ע",יהודי,08-680-2758,214,"801
802
802 נספח
803
804 ג
804 ד
804/806 א
804/806 ב'
804/806 נספח א' גיאומטריה המעגל
804/806 נספח ב' פונקציות רציונליות
805
806 ג
806 ד
807 א
807 ב"
680033,מקיף כפר סילבר,כפר סילבר,כפר סילבר,דרום,"חט""ע",יהודי,08-677-6112,210,"801
802
802 נספח
803
804 ג
804 ד
804/806 א
804/806 ב'
804/806 נספח א' גיאומטריה המעגל
804/806 נספח ב' פונקציות רציונליות
805
806 ג
806 ד
807 א
807 ב"
731174,מכון בית יעקב למורות,מודיעין עילית,מסילת ישרים 10,ירושלים,"חט""ע",יהודי,08-804-0666,209,"סאלד א - ספר ורוד
סאלד ב- ספר סגול
סאלד ג- ספר כחול (גאומטריה)"
244285,אורט פסגות כרמיאל,כרמיאל,הפסגה 71,צפון,"חט""ע",יהודי,04-998-0944,209,"802
802 נספח
803
804 ג
804 ד
804/806 א
804/806 ב'
804/806 נספח א' גיאומטריה המעגל
804/806 נספח ב' פונקציות רציונליות
805
806 ג
806 ד
807 א
807 ב"
800003,תיכון חקלאי ימה,זמר,זמר,מרכז,"חט""ע",ערבי,08-789-0009,208,"804 ג
804 ד"
240192,מקיף רוגוזין,מגדל העמק,הנשיאים,צפון,"חט""ע",יהודי,04-654-0372,207,"804 ג
804 ד
804/806 א
804/806 ב'
804/806 נספח א' גיאומטריה המעגל
804/806 נספח ב' פונקציות רציונליות
805
806 ג
806 ד
807 א
807 ב"
261065,דרכא בית ירח,כנרת (קבוצה),כנרת (קבוצה),צפון,"חט""ע",יהודי,04-675-0805,207,"803
804 ג
804 ד
804/806 א
804/806 ב'
804/806 נספח א' גיאומטריה המעגל
804/806 נספח ב' פונקציות רציונליות
805
806 ג
806 ד
807 א
807 ב"
640318,"מקיף ע""ש גוטוירט",שדרות,סחלב 3,דרום,"חט""ע",יהודי,08-689-7081,203,"801
802
802 נספח
803
804 ג
804 ד
804/806 א
804/806 ב'
804/806 נספח א' גיאומטריה המעגל
804/806 נספח ב' פונקציות רציונליות
805
806 ג
806 ד
807 א
807 ב"
800037,אורט אבו רביעה כסייפה,כסיפה,כסיפה,דרום,"חט""ע",בדואי,08-995-8888,199,"804 ג
804 ד"
540930,תיכון חסידי בית יעקב,בני ברק,חזון איש 50,תל אביב,"חט""ע",יהודי,03-619-0140,192,"סאלד א - ספר ורוד
סאלד ב- ספר סגול"
284091,בית יעקב ביתר,ביתר עילית,קדושת לוי 59,ירושלים,"חט""ע",יהודי,02-580-4092,187,"804/806 א
804/806 ב'
804/806 נספח א' גיאומטריה המעגל
804/806 נספח ב' פונקציות רציונליות
806 ג
806 ד
807 א
807 ב"
648139,אורט כסייפה אלפארוק,כסיפה,כסיפה,דרום,"חט""ע",בדואי,08-622-6541,185,"804 ג
804 ד
804/806 א
804/806 ב'
804/806 נספח א' גיאומטריה המעגל
804/806 נספח ב' פונקציות רציונליות
805
806 ג
806 ד
807 א
807 ב"
800086,מקיף כפר קאסם,כפר קאסם,כפר קאסם,מרכז,"חט""ע",ערבי,03-907-1488,184,"804/806 א
804/806 ב'
804/806 נספח א' גיאומטריה המעגל
804/806 נספח ב' פונקציות רציונליות"
470187,תיכון תמר אריאל,נתניה,סיני 1,תל אביב,"חט""ע",יהודי,09-864-5400,183,"804 ג
804 ד
804/806 א
804/806 ב'
804/806 נספח א' גיאומטריה המעגל
804/806 נספח ב' פונקציות רציונליות
805
806 ג
806 ד
807 א
807 ב"
247312,מכללת גרנאטה לחינוך,כפר כנא,כפר כנא,צפון,"חט""ע",ערבי,04-641-2076,182,"804 ג
804 ד
804/806 א
804/806 ב'
804/806 נספח א' גיאומטריה המעגל
804/806 נספח ב' פונקציות רציונליות
805
806 ג
806 ד
807 א
807 ב"
648030,תיכון סלמאן אלהוזייל,רהט,רהט,דרום,"חט""ע",בדואי,08-991-8003,181,"804 ג
804 ד
804/806 א
804/806 ב'
804/806 נספח א' גיאומטריה המעגל
804/806 נספח ב' פונקציות רציונליות
806 ג
806 ד
807 א
807 ב"
640565,קציר משגב,עצמון שגב,עצמון שגב,צפון,"חט""ע",יהודי,04-990-2094,176,"801
802
802 נספח
803
804/806 א
804/806 ב'
804/806 נספח א' גיאומטריה המעגל
804/806 נספח ב' פונקציות רציונליות"
270041,אורט מקיף אורן עפולה,עפולה,מגשימים 3,צפון,"חט""ע",יהודי,04-659-7268,175,803
248195,מקיף אבן אלהייתם,באקה אל-גרביה,באקה אל-גרביה,חיפה,"חט""ע",ערבי,04-638-2953,171,"804/806 א
804/806 ב'
804/806 נספח א' גיאומטריה המעגל
804/806 נספח ב' פונקציות רציונליות
806 ג
806 ד
807 א
807 ב"
541482,סמינר לבנות אלקיים,בני ברק,אהרונוביץ ראובן 33,תל אביב,"חט""ע",יהודי,03-618-1158,166,"סאלד א - ספר ורוד
סאלד ב- ספר סגול
סאלד ג- ספר כחול (גאומטריה)"
640607,עתיד אלפורעה,ערד,כביש 31,דרום,"חט""ע",בדואי,08-678-7791,163,"804 ג
804 ד
804/806 א
804/806 ב'
804/806 נספח א' גיאומטריה המעגל
804/806 נספח ב' פונקציות רציונליות
805"
249235,מקיף בועינה נג'ידאת,בועיינה נוג'ידאת,בועינה,צפון,"חט""ע",בדואי,04-670-5066,162,"804 ג
804 ד
804/806 א
804/806 ב'
804/806 נספח א' גיאומטריה המעגל
804/806 נספח ב' פונקציות רציונליות
805
806 ג
806 ד
807 א
807 ב"
640953,בית מלכה,אשדוד,חטיבת הנגב 32,דרום,"חט""ע",יהודי,073-276-6800,159,"סאלד א - ספר ורוד
סאלד ב- ספר סגול"
420018,על יסודי צור הדסה,צור הדסה,צור הדסה,ירושלים,"חט""ע",יהודי,02-533-7529,158,"801
802
802 נספח
803
804 ג
804 ד
804/806 א
804/806 ב'
804/806 נספח א' גיאומטריה המעגל
804/806 נספח ב' פונקציות רציונליות
805
806 ג
806 ד
807 א
807 ב"
660084,תיכון שקמה דרכא,יד מרדכי,יד מרדכי 1,דרום,"חט""ע",יהודי,073-213-8300,155,"804 ג
804 ד
804/806 א
804/806 ב'
804/806 נספח א' גיאומטריה המעגל
804/806 נספח ב' פונקציות רציונליות
805"
640128,מקיף א כללי,אשדוד,מורדי הגטאות,דרום,"חט""ע",יהודי,08-853-2116,153,"804 ג
804 ד
804/806 א
804/806 ב'
804/806 נספח א' גיאומטריה המעגל
804/806 נספח ב' פונקציות רציונליות
805
806 ג
806 ד
807 א
807 ב"
460113,קבוצת יבנה,קבוצת יבנה,קבוצת יבנה,מרכז,"חט""ע",יהודי,08-854-8305,150,"801
802
802 נספח
803
806 ג
806 ד"
248104,מקיף ב',מגאר,עין מנסורה ותיקה,צפון,"חט""ע",דרוזי,04-678-9734,148,"804 ג
804 ד
804/806 א
804/806 ב'
804/806 נספח א' גיאומטריה המעגל
804/806 נספח ב' פונקציות רציונליות
805
806 ג
806 ד"
248278,בית ספר אלבשאאר,סח'נין,סח'נין,צפון,"חט""ע",ערבי,04-661-1111,146,"804/806 א
804/806 ב'
804/806 נספח א' גיאומטריה המעגל
804/806 נספח ב' פונקציות רציונליות
806 ג
806 ד
807 א
807 ב"
560219,סמינר גור בית שמש,בית שמש,רבי צדקה יהודה 10,ירושלים,"חט""ע",יהודי,02-586-3651,140,"סאלד א - ספר ורוד
סאלד ב- ספר סגול
סאלד ג- ספר כחול (גאומטריה)"
260133,בית החינוך גאון הירדן דרכא,נווה איתן,נווה איתן,צפון,"חט""ע",יהודי,04-606-3542,139,"801
802
802 נספח
803
804 ג
804 ד
804/806 א
804/806 ב'
804/806 נספח א' גיאומטריה המעגל
804/806 נספח ב' פונקציות רציונליות
805"
641654,אלסדיק,כסיפה,שכ 33,דרום,"חט""ע",בדואי,08-966-6666,138,"804/806 א
804/806 ב'
806 ג
806 ד"
249151,"חט""ב אכסאל",אכסאל,אכסאל,צפון,"חט""ע",ערבי,04-655-6352,138,"801
804/806 א
804/806 ב'
804/806 נספח א' גיאומטריה המעגל
804/806 נספח ב' פונקציות רציונליות"
640623,ישיבת בית דוד,קרית גת,אליהו הנביא 5,דרום,"חט""ע",יהודי,08-681-2441,137,"806 ג
806 ד"
142075,דחסידי גור,ירושלים,ירמיהו 24,ירושלים,"חט""ע",יהודי,02-538-0187,137,"סאלד א - ספר ורוד
סאלד ב- ספר סגול
סאלד ג- ספר כחול (גאומטריה)"
284026,סמינר בית חינוך,מודיעין עילית,שכ נאות הפסגה,ירושלים,"חט""ע",יהודי,08-976-0964,136,"סאלד א - ספר ורוד
סאלד ב- ספר סגול
סאלד ג- ספר כחול (גאומטריה)"
140806,תיכון לאומנויות,ירושלים,ש אלחנני 4,ירושלים,"חט""ע",יהודי,02-561-9752,134,"801
802
802 נספח
803
804 ג
804 ד
804/806 א
804/806 ב'
804/806 נספח א' גיאומטריה המעגל
804/806 נספח ב' פונקציות רציונליות"
648337,אמקיף אלסלאם,חורה,אלפרקאן,דרום,"חט""ע",בדואי,08-670-4576,127,804/806 ב'
247221,"בי""ס מקיף השלום דנון",שייח' דנון,שייח' דנון,צפון,"חט""ע",ערבי,04-952-0410,126,"804 ג
804 ד
804/806 א
804/806 ב'
804/806 נספח א' גיאומטריה המעגל
804/806 נספח ב' פונקציות רציונליות
805
806 ג
806 ד"
141895,בנות ויזניץ,ירושלים,מענה שימחה 2,ירושלים,"חט""ע",יהודי,02-538-0657,122,"סאלד א - ספר ורוד
סאלד ב- ספר סגול"
640185,ישיבת אור עציון,מרכז שפירא,מרכז שפירא,דרום,"חט""ע",יהודי,08-850-8922,118,"801
802
802 נספח
803
804 ג
804 ד
804/806 א
804/806 ב'
804/806 נספח א' גיאומטריה המעגל
804/806 נספח ב' פונקציות רציונליות
805
806 ג
806 ד
807 א
807 ב"
644542,"דרכא ע""ש המר",נתיבות,קרית מנחם,דרום,"חט""ע",יהודי,08-994-1729,116,"804 ג
804 ד
804/806 א
804/806 ב'
804/806 נספח א' גיאומטריה המעגל
804/806 נספח ב' פונקציות רציונליות"
658344,אורחות בית יעקב ירוש,ירושלים,סורוצקין 55,ירושלים,"חט""ע",יהודי,02-673-8554,115,"804/806 א
804/806 ב'
סאלד א - ספר ורוד"
640235,אורט מקיף דתי גרוס,קרית גת,אהוד בן גרא 3,דרום,"חט""ע",יהודי,08-688-8726,115,"801
802
802 נספח
803
804 ג
804 ד
804/806 א
804/806 ב'
804/806 נספח א' גיאומטריה המעגל
804/806 נספח ב' פונקציות רציונליות
805
806 ג
806 ד
807 א
807 ב"
541490,סמינר תהילה,בני ברק,צפת 9,תל אביב,"חט""ע",יהודי,03-570-7836,112,"804/806 א
804/806 ב'
804/806 נספח א' גיאומטריה המעגל
804/806 נספח ב' פונקציות רציונליות
806 ג
806 ד
807 א
807 ב
סאלד א - ספר ורוד
סאלד ב- ספר סגול
סאלד ג- ספר כחול (גאומטריה)"
541268,תיכון אלון,רמת גן,עוזיאל 106,תל אביב,"חט""ע",יהודי,03-677-5026,111,"801
802
802 נספח
803
804 ג
804 ד
804/806 א
804/806 ב'
804/806 נספח א' גיאומטריה המעגל
804/806 נספח ב' פונקציות רציונליות
805"
240077,אורט משה שרת נוף הגליל,נוף הגליל,מעלה יצחק 2,צפון,"חט""ע",יהודי,04-655-5414,109,"804 ג
804 ד
804/806 א
804/806 ב'
804/806 נספח א' גיאומטריה המעגל
804/806 נספח ב' פונקציות רציונליות
805
806 ג
806 ד
807 א
807 ב"
711903,דרכי חנה,אלעד,המאירי 1,מרכז,"חט""ע",יהודי,03-537-7307,108,"סאלד א - ספר ורוד
סאלד ב- ספר סגול
סאלד ג- ספר כחול (גאומטריה)"
640359,"אולפנת בנ""ע חן במדבר",באר שבע,רחבת הרב עוזיאל 1,דרום,"חט""ע",יהודי,08-641-7530,108,"803
804/806 א
804/806 ב'
804/806 נספח א' גיאומטריה המעגל
804/806 נספח ב' פונקציות רציונליות"
440339,ישיבת בני עקיבא נחלים,נחלים,נחלים,מרכז,"חט""ע",יהודי,03-937-1555,107,"804/806 א
804/806 ב'
804/806 נספח א' גיאומטריה המעגל
804/806 נספח ב' פונקציות רציונליות"
370155,"נווה יש""ר ימין אורד",ניר עציון,ניר עציון,חיפה,"חט""ע",יהודי,04-814-8146,105,"804 ג
804 ד
804/806 א
804/806 ב'
804/806 נספח א' גיאומטריה המעגל
804/806 נספח ב' פונקציות רציונליות
805
806 ג
806 ד
807 א
807 ב"
148080,מקיף אבו גוש,אבו גוש,דרך השלום,ירושלים,"חט""ע",ערבי,02-533-5882,105,"803
804 ג
804 ד
804/806 א
804/806 ב'
804/806 נספח א' גיאומטריה המעגל
804/806 נספח ב' פונקציות רציונליות
805
806 ג
806 ד
807 א
807 ב"
247239,מקיף אעבלין,אעבלין,אעבלין,צפון,"חט""ע",ערבי,04-950-2333,105,"806 ג
806 ד
807 א
807 ב"
348342,"עי""ס אלקאסמי",באקה אל-גרביה,באקה אל-גרביה,חיפה,"חט""ע",ערבי,04-628-6900,104,"804 ג
804 ד
804/806 א
804/806 ב'
804/806 נספח א' גיאומטריה המעגל
804/806 נספח ב' פונקציות רציונליות
805
806 ג
806 ד
807 א
807 ב"
140731,מקיף גילה,ירושלים,ורדינון 12,ירושלים,"חט""ע",יהודי,02-676-6502,101,"801
802
802 נספח
803
804 ג
804 ד
804/806 א
804/806 ב'
804/806 נספח א' גיאומטריה המעגל
804/806 נספח ב' פונקציות רציונליות
805
806 ג
806 ד
807 א
807 ב"
480087,חקלאי נחלת יהודה,ראשון לציון,הבנים 21,מרכז,"חט""ע",יהודי,03-956-9756,101,"801
802
802 נספח
803
804 ג
804 ד
804/806 א
804/806 ב'
804/806 נספח א' גיאומטריה המעגל
804/806 נספח ב' פונקציות רציונליות
805
806 ג
806 ד
807 א
807 ב"
470542,תיכון טכנולוגי נעמת,ראשון לציון,אלפסי 13,מרכז,"חט""ע",יהודי,03-946-7754,100,"803
804 ג
804 ד"
380048,כפר הנוער הדתי,כפר הנוער הדתי,כפר הנוער הדתי,חיפה,"חט""ע",יהודי,04-984-6259,100,"804/806 א
804/806 ב'
804/806 נספח א' גיאומטריה המעגל
804/806 נספח ב' פונקציות רציונליות"
544494,ישיבה תיכונית בנים,רמת גן,השורה 11,תל אביב,"חט""ע",יהודי,03-579-8636,98,"801
802
802 נספח
803
804/806 א
804/806 ב'
804/806 נספח א' גיאומטריה המעגל
804/806 נספח ב' פונקציות רציונליות"
247288,תיכון משהד,משהד,משהד,צפון,"חט""ע",ערבי,04-651-8301,98,"804 ג
804 ד
804/806 א
804/806 ב'
804/806 נספח א' גיאומטריה המעגל
804/806 נספח ב' פונקציות רציונליות
806 ג
806 ד
807 א
807 ב"
480038,גן ונוף,פתח תקווה,שרעבי שלום 3,תל אביב,"חט""ע",יהודי,03-907-9002,97,"801
802
802 נספח
804 ג
804 ד
804/806 א
804/806 ב'
804/806 נספח א' גיאומטריה המעגל
804/806 נספח ב' פונקציות רציונליות
805
806 ג
806 ד
807 א
807 ב"
770941,תיכון לחינוך סביבתי,שדה בוקר,שדה בוקר,דרום,"חט""ע",יהודי,08-653-2822,95,"801
802
802 נספח
803
804 ג
804 ד
804/806 א
804/806 ב'
804/806 נספח א' גיאומטריה המעגל
804/806 נספח ב' פונקציות רציונליות
805
806 ג
806 ד
807 א
807 ב"
470146,הדסה נעורים,נעורים,נעורים 1,מרכז,"חט""ע",יהודי,09-866-1290,93,803
141739,ישיבת בני צבי בית אל,בית אל,בית אל,ירושלים,"חט""ע",יהודי,02-997-5666,92,"804 ג
804 ד
804/806 א
804/806 ב'
804/806 נספח א' גיאומטריה המעגל
804/806 נספח ב' פונקציות רציונליות
805"
238121,אולפנת נוגה,בית שמש,נחל רפאים 19,ירושלים,"חט""ע",יהודי,02-992-0858,88,"801
802
802 נספח
803"
344101,מקיף מופת בסמת,חיפה,דוד המלך 33,חיפה,"חט""ע",יהודי,04-862-6282,88,"804/806 א
804/806 ב'
804/806 נספח א' גיאומטריה המעגל
804/806 נספח ב' פונקציות רציונליות"
715235,סמינר גברא אלעד,אלעד,חוני המעגל 32,מרכז,"חט""ע",יהודי,03-750-2888,88,"801
802
802 נספח
803
804 ג
804 ד
804/806 א
804/806 ב'
804/806 נספח א' גיאומטריה המעגל
804/806 נספח ב' פונקציות רציונליות
805"
560342,סמינר תורני בית יעקב,בני ברק,הרב כהנמן 100,תל אביב,"חט""ע",יהודי,03-579-4002,86,"801
802
802 נספח
803
804 ג
804 ד
804/806 א
804/806 ב'
804/806 נספח א' גיאומטריה המעגל
804/806 נספח ב' פונקציות רציונליות
805
806 ג
806 ד
807 א
807 ב"
560532,לדעת חכמה,אלעד,רבי יהושע 4,מרכז,"חט""ע",יהודי,03-909-2112,84,"סאלד א - ספר ורוד
סאלד ב- ספר סגול
סאלד ג- ספר כחול (גאומטריה)"
180034,"ישיבת אמי""ת נחשון",נחם,נחם,ירושלים,"חט""ע",יהודי,02-990-0814,84,"804 ג
804 ד
804/806 א
804/806 ב'
804/806 נספח א' גיאומטריה המעגל
804/806 נספח ב' פונקציות רציונליות
805"
444703,אולפנת דרכי נעם,פתח תקווה,הרב מימון 4,תל אביב,"חט""ע",יהודי,03-909-1094,84,"804 ג
804 ד
804/806 א
804/806 ב'
804/806 נספח א' גיאומטריה המעגל
804/806 נספח ב' פונקציות רציונליות"
741348,בית יעקב החדש ביתר ע,ביתר עילית,אוהל שרה 14,ירושלים,"חט""ע",יהודי,02-992-4740,84,"סאלד א - ספר ורוד
סאלד ב- ספר סגול
סאלד ג- ספר כחול (גאומטריה)"
540468,מקיף חדש,ריינה,ריינה,צפון,"חט""ע",ערבי,04-610-0381,83,"804 ג
804 ד
804/806 א
804/806 ב'
804/806 נספח א' גיאומטריה המעגל
804/806 נספח ב' פונקציות רציונליות
805
806 ג
806 ד
807 א
807 ב"
440255,תיכון בית חנה,נתניה,רבי מאיר 11,תל אביב,"חט""ע",יהודי,09-884-0765,83,"801
803
804 ג
804 ד
804/806 א
804/806 ב'
804/806 נספח א' גיאומטריה המעגל
804/806 נספח ב' פונקציות רציונליות
805"
442822,ברנקו וייס עין נקובה,עין נקובא,עין נקובא,ירושלים,"חט""ע",ערבי,02-966-3855,83,"804 ג
804 ד
804/806 א
804/806 ב'
804/806 נספח א' גיאומטריה המעגל
804/806 נספח ב' פונקציות רציונליות
805
806 ג
806 ד
807 א
807 ב"
640730,תיכון בית יעקב,ערד,תפוח 4,דרום,"חט""ע",יהודי,08-995-4858,82,"סאלד א - ספר ורוד
סאלד ב- ספר סגול"
344598,נתיבות דרור,אור עקיבא,שד ירושלים,חיפה,"חט""ע",יהודי,04-610-0525,80,"801
802
802 נספח
803
804 ג
804 ד
804/806 א
804/806 ב'
804/806 נספח א' גיאומטריה המעגל
804/806 נספח ב' פונקציות רציונליות
805
806 ג
806 ד
807 א
807 ב"
541060,תיכון בית מלכה,בני ברק,הרב פוברסקי 38,תל אביב,"חט""ע",יהודי,073-276-6888,77,"סאלד א - ספר ורוד
סאלד ב- ספר סגול
סאלד ג- ספר כחול (גאומטריה)"
270157,אורט פסגות תיכון דתי ישראלי,בית שאן,שדרות הארבעה,צפון,"חט""ע",יהודי,04-660-0700,76,"801
802
802 נספח
803
804/806 א
804/806 ב'
804/806 נספח א' גיאומטריה המעגל
804/806 נספח ב' פונקציות רציונליות"
240572,מקיף ולדורף הרדוף,הרדוף,הרדוף,צפון,"חט""ע",יהודי,04-950-2643,76,"802
802 נספח
803
804 ג
804 ד
804/806 א
804/806 ב'
804/806 נספח א' גיאומטריה המעגל
804/806 נספח ב' פונקציות רציונליות
805
806 ג
806 ד
807 א
807 ב"
440073,"מקיף ממ""ד",ראשון לציון,הרצל 134,מרכז,"חט""ע",יהודי,03-965-0969,75,"801
802
802 נספח
803
804 ג
804 ד
804/806 א
804/806 ב'
804/806 נספח א' גיאומטריה המעגל
804/806 נספח ב' פונקציות רציונליות
805
806 ג
806 ד
807 א
807 ב"
384305,"שבילים ע""ש בגין",פרדס חנה-כרכור,החורש 36,חיפה,"חט""ע",יהודי,04-623-0444,74,"801
802
802 נספח
803
804 ג
804 ד
804/806 א
804/806 ב'
804/806 נספח א' גיאומטריה המעגל
804/806 נספח ב' פונקציות רציונליות"
349928,ניסויי על איזורי תפן,כפר ורדים,זמיר,צפון,"חט""ע",יהודי,04-987-2551,73,"804 ג
804 ד
804/806 א
804/806 ב'
804/806 נספח א' גיאומטריה המעגל
804/806 נספח ב' פונקציות רציונליות
805
806 ג
806 ד
807 א
807 ב"
462200,תיכון שקד,אורנים,אורנים,חיפה,"חט""ע",יהודי,04-604-2738,72,"801
802
802 נספח
803
804 ג
804 ד
804/806 א
804/806 ב'
804/806 נספח א' גיאומטריה המעגל
804/806 נספח ב' פונקציות רציונליות
805
806 ג
806 ד
807 א
807 ב"
660498,בית ספר על יסודי שיטים דרכא,ספיר,ספיר,דרום,"חט""ע",יהודי,08-659-2280,72,"804 ג
804 ד
804/806 א
804/806 ב'
804/806 נספח א' גיאומטריה המעגל
804/806 נספח ב' פונקציות רציונליות
805
806 ג
806 ד"
770768,"מקיף דרכא ע""ש ספיר",ירוחם,"הרמב""ם 22",דרום,"חט""ע",יהודי,08-658-9301,71,"801
802
802 נספח
803
804 ג
804 ד
804/806 א
804/806 ב'
804/806 נספח א' גיאומטריה המעגל
804/806 נספח ב' פונקציות רציונליות
805
806 ג
806 ד
807 א
807 ב"
644435,ישיבה תיכונית,מצפה רמון,נחל גרופית 18,דרום,"חט""ע",יהודי,08-658-6605,71,"804 ג
804 ד
805
806 ג
806 ד"
140269,מקיף דנמרק,ירושלים,יהודה הנשיא 26,ירושלים,"חט""ע",יהודי,02-678-8970,70,"801
802
802 נספח
803
804 ג
804 ד
804/806 א
804/806 ב'
804/806 נספח א' גיאומטריה המעגל
804/806 נספח ב' פונקציות רציונליות
805"
573105,"יאפא אלמוסתקבל ל""ג",תל אביב - יפו,טולוז 3,תל אביב,"חט""ע",ערבי,03-793-7232,69,"801
802
802 נספח
803
804 ג
804 ד
804/806 א
804/806 ב'
804/806 נספח א' גיאומטריה המעגל
804/806 נספח ב' פונקציות רציונליות
805"
748004,תיכון גור קרית גת,קרית גת,הרב עובדיה יוסף 1,דרום,"חט""ע",יהודי,04-693-6995,68,"804 ג
804 ד
804/806 א
804/806 ב'
804/806 נספח א' גיאומטריה המעגל
804/806 נספח ב' פונקציות רציונליות
סאלד א - ספר ורוד
סאלד ב- ספר סגול
סאלד ג- ספר כחול (גאומטריה)"
442244,תיכון רננות,פתח תקווה,רבי יהודה הנשיא 24,תל אביב,"חט""ע",יהודי,03-907-4909,68,"801
802
802 נספח
803
804 ג
804 ד
804/806 א
804/806 ב'
804/806 נספח א' גיאומטריה המעגל
804/806 נספח ב' פונקציות רציונליות
805"
670323,מרכז חנוך משיבי חיים,אשדוד,סטרומה 5 כניסה ה,דרום,"חט""ע",יהודי,08-660-0901,67,"801
802
802 נספח
803
804 ג
804 ד
804/806 א
804/806 ב'
804/806 נספח א' גיאומטריה המעגל
804/806 נספח ב' פונקציות רציונליות
805"
141101,ישיבת נתיבות יוסף,מצפה יריחו,מצפה יריחו,ירושלים,"חט""ע",יהודי,02-535-3379,67,"804 ג
804 ד
804/806 א
804/806 ב'
804/806 נספח א' גיאומטריה המעגל
804/806 נספח ב' פונקציות רציונליות
805"
560359,סמינר ב.יעקב אור שרה,בית שמש,בן איש חי 16,ירושלים,"חט""ע",יהודי,02-991-5599,67,"801
804 ג
804 ד
804/806 א
804/806 ב'
804/806 נספח א' גיאומטריה המעגל
804/806 נספח ב' פונקציות רציונליות
805
חוברת קדם אנליזה
סאלד א - ספר ורוד
סאלד ב- ספר סגול"
340240,"אולפת אמי""ת עירוני ו",חיפה,דרך יד לבנים 97,חיפה,"חט""ע",יהודי,04-832-1859,66,"801
802
802 נספח
803
804 ג
804 ד
804/806 א
804/806 ב'
804/806 נספח א' גיאומטריה המעגל
804/806 נספח ב' פונקציות רציונליות
805
806 ג
806 ד
807 א
807 ב"
540369,בית ספר בית וגן דרכא,בת ים,הרב קוק 17,תל אביב,"חט""ע",יהודי,03-506-3712,66,"804 ג
804 ד
804/806 א
804/806 ב'
804/806 נספח א' גיאומטריה המעגל
804/806 נספח ב' פונקציות רציונליות
805
806 ג
806 ד
807 א
807 ב"
722512,סמינר בית מלכה בית ש,בית שמש,קדושת אהרון 3,ירושלים,"חט""ע",יהודי,072-222-3234,65,"סאלד א - ספר ורוד
סאלד ב- ספר סגול"
548404,אג'יאל,תל אביב - יפו,האתרוג 27,תל אביב,"חט""ע",ערבי,03-682-1196,65,"801
804/806 א
804/806 ב'
804/806 נספח א' גיאומטריה המעגל
804/806 נספח ב' פונקציות רציונליות"
770776,אורט אברט חצור הגלילית,חצור הגלילית,חצור הגלילית,צפון,"חט""ע",יהודי,04-693-7572,64,"801
802
802 נספח
803
804 ג
804 ד
804/806 א
804/806 ב'
804/806 נספח א' גיאומטריה המעגל
804/806 נספח ב' פונקציות רציונליות
805"
141499,אור תורה סטון לבנים,ירושלים,מעלות כיסופים 5,ירושלים,"חט""ע",יהודי,02-571-2180,62,"801
802
802 נספח
803"
244608,בנות תפארת,טבריה,השילוח 13,צפון,"חט""ע",יהודי,04-672-2699,62,"801
802
802 נספח
803
804 ג
804 ד
804/806 א
804/806 ב'
804/806 נספח א' גיאומטריה המעגל
804/806 נספח ב' פונקציות רציונליות
805"
142166,אולפנת לבונה,מעלה לבונה,מעלה לבונה,ירושלים,"חט""ע",יהודי,02-940-0164,62,"804/806 א
804/806 ב'
804/806 נספח א' גיאומטריה המעגל
804/806 נספח ב' פונקציות רציונליות"
214007,אולפנת צביה עפולה,עפולה,וולפסון 30,צפון,"חט""ע",יהודי,04-659-1943,62,"804 ג
804 ד
804/806 א
804/806 ב'
804/806 נספח א' גיאומטריה המעגל
804/806 נספח ב' פונקציות רציונליות
806 ג
806 ד"
440487,"ישיבת בנ""ע נווה הרצוג",ניר גלים,ישיבת נוה הרצוג,מרכז,"חט""ע",יהודי,08-852-5672,62,"804 ג
804 ד
804/806 א
804/806 ב'
804/806 נספח א' גיאומטריה המעגל
804/806 נספח ב' פונקציות רציונליות
805
806 ג
806 ד
807 א
807 ב"
475871,רועי קריב מרכז להורא,תל אביב - יפו,דבורה הנביאה 119,תל אביב,"חט""ע",יהודי,03-602-5852,61,"801
802
802 נספח
803
804 ג
804 ד
804/806 א
804/806 ב'
804/806 נספח א' גיאומטריה המעגל
804/806 נספח ב' פונקציות רציונליות
805
806 ג
806 ד
807 א
807 ב"
460543,אור שערים,מודיעין עילית,"רשב""א 1",ירושלים,"חט""ע",יהודי,073-222-6999,60,"803
804 ג
804 ד
804/806 א
804/806 ב'
804/806 נספח א' גיאומטריה המעגל
804/806 נספח ב' פונקציות רציונליות
805"
746784,תיכון ויזניץ מודיעין,מודיעין עילית,שד אביי ורבא 10,ירושלים,"חט""ע",יהודי,08-979-8866,60,"סאלד א - ספר ורוד
סאלד ב- ספר סגול
סאלד ג- ספר כחול (גאומטריה)"
461855,בנות אלישיב,ירושלים,אהלי יוסף 3,ירושלים,"חט""ע",יהודי,02-561-2505,60,"801
802
802 נספח
803
804 ג
804 ד
804/806 א
804/806 ב'
804/806 נספח א' גיאומטריה המעגל
804/806 נספח ב' פונקציות רציונליות
805"
540187,תיכון ראשית עירוני ח,תל אביב - יפו,התשעים ושלוש 2,תל אביב,"חט""ע",יהודי,03-537-9475,59,"804 ג
804 ד
804/806 א
804/806 ב'
804/806 נספח א' גיאומטריה המעגל
804/806 נספח ב' פונקציות רציונליות
805
806 ג
806 ד
807 א
807 ב"
742544,מכון בית יעקב למורות,אלעד,רבי חייא 5,מרכז,"חט""ע",יהודי,03-537-8549,59,סאלד ג- ספר כחול (גאומטריה)
644666,אולפנת צביה דימונה,דימונה,האורן 20,דרום,"חט""ע",יהודי,08-655-6844,58,"804 ג
804 ד
804/806 א
804/806 ב'
805
806 ג
806 ד
807 א
807 ב"
141754,ישיבה תיכ' תורה ומדע,ירושלים,הועד הלאומי 21,ירושלים,"חט""ע",יהודי,02-675-1239,58,"804/806 א
804/806 ב'"
570945,תיכון טכנולוגי נעמת,חולון,קרן קיימת 13,תל אביב,"חט""ע",יהודי,03-556-5102,58,803
644831,אומנויות,אשקלון,"קק""ל 5",דרום,"חט""ע",יהודי,08-675-0413,57,"801
802
802 נספח
803
804 ג
804 ד
804/806 א
804/806 ב'
804/806 נספח א' גיאומטריה המעגל
804/806 נספח ב' פונקציות רציונליות
805
806 ג
806 ד
807 א
807 ב"
240051,אורט מקיף דתי יהודה,עפולה,הרב ציוני פרץ 27,צפון,"חט""ע",יהודי,04-642-1584,56,"801
802
802 נספח
803
804 ג
804 ד
804/806 א
804/806 ב'
804/806 נספח א' גיאומטריה המעגל
804/806 נספח ב' פונקציות רציונליות
805
806 ג
806 ד
807 א
807 ב"
344085,רמת הדסה,קרית טבעון,השקדים 111,חיפה,"חט""ע",יהודי,04-903-7811,56,"804 ג
804 ד
805
806 ג
806 ד
807 א
807 ב"
340166,עירוני ב' ישיבה,חיפה,שטרן יוסף 9,חיפה,"חט""ע",יהודי,04-875-8195,55,"806 ג
806 ד"
267971,בית יעקב נתיב,ירושלים,אהלי יוסף 3,ירושלים,"חט""ע",יהודי,02-500-0829,54,סאלד ג- ספר כחול (גאומטריה)
544668,אולפנת צביה בת ים,בת ים,סולד הנרייטה 4,תל אביב,"חט""ע",יהודי,03-659-2173,53,"804/806 א
804/806 ב'
804/806 נספח א' גיאומטריה המעגל
804/806 נספח ב' פונקציות רציונליות"
570085,בית חינוך קהילתי גאולה,תל אביב - יפו,גאולה 30,תל אביב,"חט""ע",יהודי,073-384-5130,53,"804 ג
804 ד
804/806 א
804/806 ב'
804/806 נספח א' גיאומטריה המעגל
804/806 נספח ב' פונקציות רציונליות
805
806 ג
806 ד
807 א
807 ב"
374249,פלך זכרון יעקב,זכרון יעקב,שדרת מעוף הציפור,חיפה,"חט""ע",יהודי,04-629-1896,52,"804 ג
804 ד
804/806 א
804/806 ב'
804/806 נספח א' גיאומטריה המעגל
804/806 נספח ב' פונקציות רציונליות
805
807 א
807 ב"
340232,ישיבת בני עקיבא יבנה,חיפה,אלתר אליעזר,חיפה,"חט""ע",יהודי,04-823-3653,52,"801
802
802 נספח
803
804 ג
804 ד
804/806 א
804/806 ב'
804/806 נספח א' גיאומטריה המעגל
804/806 נספח ב' פונקציות רציונליות
805"
641522,על יסודי אדם,ירושלים,עמק רפאים 22,ירושלים,"חט""ע",יהודי,02-566-7404,52,"804 ג
804 ד
804/806 א
804/806 ב'
804/806 נספח א' גיאומטריה המעגל
804/806 נספח ב' פונקציות רציונליות
805"
270249,יד חרוצים,טבריה,חזון איש 3,צפון,"חט""ע",יהודי,04-673-4718,52,804/806 ב'
144758,"ישיבת בנ""ע פסגת זאב",ירושלים,חיל האויר 60,ירושלים,"חט""ע",יהודי,02-584-9425,51,"804 ג
804 ד
804/806 א
804/806 ב'
804/806 נספח א' גיאומטריה המעגל
804/806 נספח ב' פונקציות רציונליות
805"
160598,ארץ הצבי,ירושלים,הגננת 29,ירושלים,"חט""ע",יהודי,02-676-3580,51,"804 ג
804 ד
804/806 א
804/806 ב'
804/806 נספח א' גיאומטריה המעגל
804/806 נספח ב' פונקציות רציונליות
805"
384008,עתיד קרית מוצקין,קרית מוצקין,שד ויצמן 2,חיפה,"חט""ע",יהודי,04-666-6557,51,"801
802
802 נספח
803
804 ג
804 ד
804/806 ב'"
499806,נחלת ישראל,מגדל העמק,היסמין 18,צפון,"חט""ע",יהודי,073-222-7400,50,"804 ג
804 ד
805"
240440,אזורי ירדן,מעלה אפרים,מעלה אפרים 3,ירושלים,"חט""ע",יהודי,02-994-1948,50,"803
804 ג
804 ד
חוברת קדם אנליזה"
540849,ישיבה תיכונית,בני ברק,נורוק 31,תל אביב,"חט""ע",יהודי,03-619-0835,50,"801
804 ג
804 ד
804/806 א
804/806 ב'
804/806 נספח א' גיאומטריה המעגל
804/806 נספח ב' פונקציות רציונליות
805
806 ג
806 ד"
288134,נהרדעא,גני תקווה,סמ עין גנים 12,מרכז,"חט""ע",יהודי,03-908-0582,49,"801
802
802 נספח
803
804 ג
804 ד
804/806 א
804/806 ב'
804/806 נספח א' גיאומטריה המעגל
804/806 נספח ב' פונקציות רציונליות
805"
370494,"עי""ס למדעים מועאוויה","בסמ""ה","בסמ""ה",חיפה,"חט""ע",ערבי,04-635-8686,49,"804/806 א
804/806 ב'
806 ג
806 ד
חוברת קדם אנליזה"
448332,סנט ג'ורג',לוד,גולומב 45,מרכז,"חט""ע",ערבי,08-925-5255,49,"801
804/806 א
804/806 ב'
804/806 נספח א' גיאומטריה המעגל
804/806 נספח ב' פונקציות רציונליות"
740753,תיכון חרדי באר יעקב,באר יעקב,הגפן 7,מרכז,"חט""ע",יהודי,08-928-1215,49,"801
803
804 ג
804 ד
804/806 א
804/806 ב'"
571125,"מרכז נער ע""ש טננבאום",הרצליה,רביבים 1,תל אביב,"חט""ע",יהודי,09-950-8682,49,"801
802
802 נספח"
641399,אורט קרית גת ישיבה תיכונית,קרית גת,אהוד בן גרא 3,דרום,"חט""ע",יהודי,08-681-3289,48,"801
802
802 נספח
803
804 ג
804 ד
804/806 א
804/806 ב'
804/806 נספח א' גיאומטריה המעגל
804/806 נספח ב' פונקציות רציונליות
805
806 ג
806 ד
807 א
807 ב"
560524,ישיבת דרך אמונה,תירוש,תירוש,ירושלים,"חט""ע",יהודי,08-858-0330,48,803
648170,"מח""ט עמל רעות",באר שבע,באר שבע,דרום,"חט""ע",בדואי,08-699-1540,48,"801
802
802 נספח
803
804 ג
804 ד
804/806 א
804/806 ב'
804/806 נספח א' גיאומטריה המעגל
804/806 נספח ב' פונקציות רציונליות
805
806 ג
806 ד
807 א
807 ב"
247098,תיכון פה הזהב,ג'ש (גוש חלב),ג'ש (גוש חלב),צפון,"חט""ע",ערבי,04-698-0207,48,"804/806 א
804/806 ב'
804/806 נספח א' גיאומטריה המעגל
804/806 נספח ב' פונקציות רציונליות"
656017,סמינר כלל חסידי צפת,צפת,רמז דוד 201,צפון,"חט""ע",יהודי,04-692-3212,47,"סאלד א - ספר ורוד
סאלד ב- ספר סגול
סאלד ג- ספר כחול (גאומטריה)"
641662,תבל תיכון רמות,ירושלים,רקנטי אברהם 8,ירושלים,"חט""ע",יהודי,02-620-9090,46,"801
802
802 נספח
803
804 ג
804 ד
804/806 א
804/806 ב'
805"
440503,אולפנת למרחב,פתח תקווה,הרב מוהליבר שמואל 13,תל אביב,"חט""ע",יהודי,03-904-3151,46,"804 ג
804 ד
804/806 א
804/806 ב'
804/806 נספח א' גיאומטריה המעגל
804/806 נספח ב' פונקציות רציונליות
805"
240721,סמינר בית יעקב צפת,צפת,"הפלמ""ח 41",צפון,"חט""ע",יהודי,04-699-9125,46,"803
804 ג
804 ד
804/806 ב'
805
סאלד א - ספר ורוד
סאלד ב- ספר סגול"
756577,מעלות ירושלים,בית שמש,אוהל יהושע 31,ירושלים,"חט""ע",יהודי,02-650-7077,46,"סאלד א - ספר ורוד
סאלד ב- ספר סגול
סאלד ג- ספר כחול (גאומטריה)"
270223,הודיות,הודיות,הודיות,צפון,"חט""ע",יהודי,04-679-7060,46,"801
802
802 נספח
803
804 ג
804 ד
804/806 א
804/806 ב'
804/806 נספח א' גיאומטריה המעגל
804/806 נספח ב' פונקציות רציונליות
805
806 ג
806 ד"
455188,ידידיה,פתח תקווה,רוטשילד 87,תל אביב,"חט""ע",יהודי,072-241-5060,45,"801
802
802 נספח
803
804 ג
804 ד
804/806 א
804/806 ב'
804/806 נספח א' גיאומטריה המעגל
804/806 נספח ב' פונקציות רציונליות
805"
470302,ק.תורנית טכ בית שלמה,רחובות,הורוביץ צבי 3,מרכז,"חט""ע",יהודי,08-946-7511,45,"802
802 נספח
803
804 ג
804 ד
804/806 א
804/806 ב'
804/806 נספח א' גיאומטריה המעגל
804/806 נספח ב' פונקציות רציונליות
805
806 ג
806 ד
807 א
807 ב"
472555,"אמי""ת מנורת המאור פ""ת",פתח תקווה,ירושלים 1,תל אביב,"חט""ע",יהודי,03-603-5994,45,"801
802
802 נספח
803
804 ג
804 ד
804/806 א
804/806 ב'
805"
641456,משלב דרור,צור הדסה,דפנה 2,ירושלים,"חט""ע",יהודי,02-991-6315,45,"804 ג
804 ד
804/806 א
804/806 ב'
804/806 נספח א' גיאומטריה המעגל
804/806 נספח ב' פונקציות רציונליות
805
806 ג
806 ד
807 א
807 ב"
548024,תיכון פרר,תל אביב - יפו,יפת 23,תל אביב,"חט""ע",ערבי,03-682-1890,45,"801
802
802 נספח
804 ג
804 ד
804/806 א
804/806 ב'
804/806 נספח א' גיאומטריה המעגל
804/806 נספח ב' פונקציות רציונליות
805
806 ג
806 ד
807 א
807 ב"
718965,מחול,מחולה,מחולה,ירושלים,"חט""ע",יהודי,04-658-1991,45,"803
804 ג
804 ד
804/806 א
804/806 ב'
804/806 נספח א' גיאומטריה המעגל
804/806 נספח ב' פונקציות רציונליות
805"
615351,שפתי רננות,נתיבות,רימון 1,דרום,"חט""ע",יהודי,08-993-0325,44,"801
802
802 נספח
803"
480020,"אמי""ת פתח-תקוה",פתח תקווה,הרב הרצוג 16,תל אביב,"חט""ע",יהודי,0--0000,44,"803
804 ג
804 ד
804/806 א
804/806 ב'
804/806 נספח א' גיאומטריה המעגל
804/806 נספח ב' פונקציות רציונליות
805"
244624,"אורט ישיבה ע""ש אביתר בית שאן",בית שאן,ויצמן חיים 2,צפון,"חט""ע",יהודי,04-606-0218,44,"801
802
802 נספח
803
804 ג
804 ד
805
806 ג
806 ד"
440305,מכון ש.פ.י.,יהוד-מונוסון,הרצל 24,מרכז,"חט""ע",יהודי,03-632-6676,44,"801
802
802 נספח
803
804 ג
804 ד
804/806 א
804/806 ב'
804/806 נספח א' גיאומטריה המעגל
804/806 נספח ב' פונקציות רציונליות
805
806 ג
806 ד
807 א
807 ב"
640821,נאות שמחה,אשדוד,ברנר 28,דרום,"חט""ע",יהודי,08-865-2223,43,"801
802
802 נספח
803
804 ג
804 ד
804/806 א
804/806 ב'
804/806 נספח א' גיאומטריה המעגל
804/806 נספח ב' פונקציות רציונליות
805"
170043,תיכון דרור,ירושלים,אליעזר הגדול 4,ירושלים,"חט""ע",יהודי,02-651-0303,42,"801
802
802 נספח
803
804 ג
804 ד
804/806 א
804/806 ב'
804/806 נספח א' גיאומטריה המעגל
804/806 נספח ב' פונקציות רציונליות
805
806 ג
806 ד
807 א
807 ב"
670828,כפר הנוער קדמה,קדמה,קדמה,דרום,"חט""ע",יהודי,08-860-7439,42,"804 ג
804 ד
804/806 א
804/806 ב'
805"
641001,מחט עמל אופקים,אופקים,קבוץ גלויות 416,דרום,"חט""ע",יהודי,08-996-9004,42,"801
802
802 נספח
803"
770784,"קרית החינוך אמי""ת",חצור הגלילית,בן יוסף שלמה 19,צפון,"חט""ע",יהודי,04-693-0762,42,"801
804/806 א
804/806 ב'
804/806 נספח א' גיאומטריה המעגל
804/806 נספח ב' פונקציות רציונליות"
340042,"מקיף דתי ע""ש לוינסון",קרית ים,"צה""ל 23",חיפה,"חט""ע",יהודי,04-876-1517,42,"803
804 ג
804 ד
804/806 א
804/806 ב'
804/806 נספח א' גיאומטריה המעגל
804/806 נספח ב' פונקציות רציונליות
805
806 ג
806 ד"
460147,ישיבת שפע חיים צאנז,ירושלים,דברי חיים 2,ירושלים,"חט""ע",יהודי,02-538-7340,41,"802
802 נספח
803"
630160,מרכז נוער דתי,באר שבע,בר יוחאי 52,דרום,"חט""ע",יהודי,08-649-4604,41,"801
802
802 נספח
803"
670851,בנות צפורה,ירושלים,שרי ישראל 5,ירושלים,"חט""ע",יהודי,02-666-7751,41,"סאלד א - ספר ורוד
סאלד ב- ספר סגול"
844043,בנימין רוטמן עמק יפה,ניר יפה,ניר יפה,צפון,"חט""ע",יהודי,04-652-7258,40,"801
802
802 נספח
803"
771287,"מנו""ף",עכו,יד נתן ביס חקלאי,צפון,"חט""ע",יהודי,04-901-6124,40,803
759043,סמינר בנות לאה אסתר,בני ברק,הרב כהנמן 104,תל אביב,"חט""ע",יהודי,073-338-3834,40,"801
802
802 נספח
803
804/806 א
804/806 ב'
804/806 נספח א' גיאומטריה המעגל
804/806 נספח ב' פונקציות רציונליות
סאלד א - ספר ורוד
סאלד ב- ספר סגול"
370403,מלונאות ותיירות,חיפה,בעל שם טוב 20,חיפה,"חט""ע",יהודי,04-643-7565,40,"801
802
802 נספח
803
804 ג
804 ד
804/806 א
804/806 ב'
804/806 נספח א' גיאומטריה המעגל
804/806 נספח ב' פונקציות רציונליות
805"
711770,בית הספר השיטה,רחובות,הדגניות 28,מרכז,"חט""ע",יהודי,08-935-7799,40,"801
802
802 נספח
803
804 ג
804 ד
804/806 א
804/806 ב'
804/806 נספח א' גיאומטריה המעגל
804/806 נספח ב' פונקציות רציונליות
805
806 ג
806 ד
807 א
807 ב"
582007,פלך,תל אביב - יפו,שפרינצק 9,תל אביב,"חט""ע",יהודי,03-657-8330,40,"801
802
802 נספח
803
804 ג
804 ד
804/806 א
804/806 ב'
804/806 נספח א' גיאומטריה המעגל
804/806 נספח ב' פונקציות רציונליות
805
806 ג
806 ד
807 א
807 ב"
640136,"מקיף דתי ע""ש רוגוזין",אשדוד,מורדי הגטאות,דרום,"חט""ע",יהודי,08-852-1802,40,"804/806 א
804/806 ב'
804/806 נספח א' גיאומטריה המעגל
804/806 נספח ב' פונקציות רציונליות"
542035,"מוזות-בי""ס תיכון לאומניות",תל אביב - יפו,יפת 44,תל אביב,"חט""ע",יהודי,03-518-9049,40,"804 ג
804 ד
804/806 א
804/806 ב'
804/806 נספח א' גיאומטריה המעגל
804/806 נספח ב' פונקציות רציונליות
805"
142034,תיכון בית יעקב,בית שמש,רבי מאיר בעל הנס 6,ירושלים,"חט""ע",יהודי,02-999-2283,38,"802
802 נספח
803
804 ג
804 ד
804/806 א
804/806 ב'
804/806 נספח א' גיאומטריה המעגל
804/806 נספח ב' פונקציות רציונליות
805"
645036,סמינר בית יעקב החסיד,מודיעין עילית,"רש""י 20",ירושלים,"חט""ע",יהודי,08-630-1771,38,"סאלד א - ספר ורוד
סאלד ב- ספר סגול
סאלד ג- ספר כחול (גאומטריה)"
338095,אולפנת תהילה,ירושלים,יפו 208,ירושלים,"חט""ע",יהודי,02-537-8412,38,"804 ג
804 ד
804/806 א
804/806 ב'
804/806 נספח א' גיאומטריה המעגל
804/806 נספח ב' פונקציות רציונליות
805
806 ג
806 ד
807 א
807 ב"
519116,חדש רחובות,רחובות,מורי חיים 2,מרכז,"חט""ע",יהודי,08-622-0541,37,"802
802 נספח
804 ג
804 ד
804/806 א
804/806 ב'"
631440,מורשת שמחה,ביתר עילית,קדושת לוי 64,ירושלים,"חט""ע",יהודי,02-628-2626,37,"801
802
802 נספח
803
804 ג
804 ד
804/806 א
804/806 ב'
804/806 נספח א' גיאומטריה המעגל
804/806 נספח ב' פונקציות רציונליות
805"
420372,טומשין הבית של תמר משמר,משמר השרון,משמר השרון,מרכז,"חט""ע",יהודי,09-898-3535,36,"804 ג
804 ד
804/806 א
804/806 ב'
804/806 נספח א' גיאומטריה המעגל
804/806 נספח ב' פונקציות רציונליות"
480012,"אמי""ת כפר בתיה",פתח תקווה,בר אילן 27,תל אביב,"חט""ע",יהודי,09-774-7111,36,"802
803
804 ג
804 ד
804/806 א
804/806 ב'
804/806 נספח א' גיאומטריה המעגל
804/806 נספח ב' פונקציות רציונליות"
359059,סמינר חסידי ברסלב,ירושלים,מוסיוף שלמה 6,ירושלים,"חט""ע",יהודי,02-581-2294,36,"801
802
802 נספח
803"
742189,תיכון בנות שולמית,רחובות,דרך ירושלים 1,מרכז,"חט""ע",יהודי,08-935-2462,36,"801
802
802 נספח
803
804 ג
804 ד
804/806 א
804/806 ב'
804/806 נספח א' גיאומטריה המעגל
804/806 נספח ב' פונקציות רציונליות
805"
140848,ניצני עוז,בית שמש,"רמב""ם 21",ירושלים,"חט""ע",יהודי,02-991-6656,36,"801
802
802 נספח
803
804 ג
804 ד
804/806 א
804/806 ב'
804/806 נספח א' גיאומטריה המעגל
804/806 נספח ב' פונקציות רציונליות
805
806 ג
806 ד
807 א
807 ב"
271015,מכללת אורט בראודה,כרמיאל,מעלה אורט,צפון,"חט""ע",יהודי,04-990-1820,35,"801
802
802 נספח
803
804 ג
804 ד
804/806 א
804/806 ב'
804/806 נספח א' גיאומטריה המעגל
804/806 נספח ב' פונקציות רציונליות
805"
759688,שבות ישראל,אפרת,שד המלך דוד 49,ירושלים,"חט""ע",יהודי,02-564-6776,34,"801
802
802 נספח
803
804 ג
804 ד
804/806 א
804/806 ב'
804/806 נספח א' גיאומטריה המעגל
804/806 נספח ב' פונקציות רציונליות
805"
170175,עמל ליידי דיוייס ירושלים,ירושלים,יהודה הנשיא 26,ירושלים,"חט""ע",יהודי,02-641-1090,34,"804 ג
804 ד
805"
757641,מכון בית יעקב למורות,ירושלים,מינץ 53,ירושלים,"חט""ע",יהודי,02-538-7266,34,"801
802
802 נספח
803
804 ג
804 ד
804/806 א
804/806 ב'
804/806 נספח א' גיאומטריה המעגל
804/806 נספח ב' פונקציות רציונליות
805
806 ג
806 ד
807 א
807 ב"
741280,משכנותיך ישראך,ירושלים,זקס משה 3,ירושלים,"חט""ע",יהודי,02-628-2899,33,"סאלד א - ספר ורוד
סאלד ב- ספר סגול
סאלד ג- ספר כחול (גאומטריה)"
570580,ישיבת אור משה,תל אביב - יפו,דבורה הנביאה 81,תל אביב,"חט""ע",יהודי,03-648-7341,33,"801
802
802 נספח
803
804 ג
804 ד"
141291,ישיבת אהבת חיים,כוכב השחר,כוכב השחר,ירושלים,"חט""ע",יהודי,02-994-3717,33,"803
804 ג
804 ד
804/806 א
804/806 ב'
804/806 נספח א' גיאומטריה המעגל
804/806 נספח ב' פונקציות רציונליות
805"
740688,תיכון נתיבות שלום,ביתר עילית,אוהב ישראל 24,ירושלים,"חט""ע",יהודי,02-999-0957,32,"סאלד א - ספר ורוד
סאלד ב- ספר סגול
סאלד ג- ספר כחול (גאומטריה)"
141333,מ. חינוכי למצטיינות,ירושלים,וייץ יוסף 3,ירושלים,"חט""ע",יהודי,02-651-0534,32,סאלד ג- ספר כחול (גאומטריה)
749481,סמינר בינת החינוך,ירושלים,שמריה 13,ירושלים,"חט""ע",יהודי,02-533-1653,32,"סאלד א - ספר ורוד
סאלד ב- ספר סגול
סאלד ג- ספר כחול (גאומטריה)"
540039,עירוני ראשית בנות,תל אביב - יפו,אלון יגאל 30,תל אביב,"חט""ע",יהודי,03-699-5821,32,"803
804 ג
804 ד
804/806 א
804/806 ב'
804/806 נספח א' גיאומטריה המעגל
804/806 נספח ב' פונקציות רציונליות
805
806 ג
806 ד
807 א
807 ב"
560573,בית עזריה,בני ברק,הרב כהנמן 111,תל אביב,"חט""ע",יהודי,052-898-5581,32,"סאלד א - ספר ורוד
סאלד ב- ספר סגול
סאלד ג- ספר כחול (גאומטריה)"
645424,ניסוי ארגנטינה,ירושלים,אולשוונגר 3,ירושלים,"חט""ע",יהודי,02-629-7266,32,"801
802
802 נספח
803
804 ג
804 ד
804/806 א
804/806 ב'
806 ג
806 ד"
519108,"מח""ט עמל רמלה",רמלה,ברזילי 7,מרכז,"חט""ע",יהודי,08-634-9737,32,"801
802
802 נספח
803
804 ג
804 ד
804/806 א
804/806 ב'
805"
420414,מיוחד צורים,הוד השרון,הגפן 13,מרכז,"חט""ע",יהודי,09-746-3111,32,"801
802
802 נספח
803"
670208,אולפנת תהילת ישראל,אילת,שור 8,דרום,"חט""ע",יהודי,08-631-8187,31,"804/806 א
804/806 ב'"
482125,שש שנתי שיבולים,נס ציונה,שד אפרים 20,מרכז,"חט""ע",יהודי,08-916-7793,31,"801
803
804 ג
804 ד
804/806 א
804/806 ב'
804/806 נספח א' גיאומטריה המעגל
804/806 נספח ב' פונקציות רציונליות
806 ג
806 ד"
729574,זיו אור נתניה,נתניה,שכטרמן 8,תל אביב,"חט""ע",יהודי,08-936-6987,31,"804 ג
804 ד
804/806 א
804/806 ב'
804/806 נספח א' גיאומטריה המעגל
804/806 נספח ב' פונקציות רציונליות
805"
520890,גיל,תל אביב - יפו,אש שלום 28,תל אביב,"חט""ע",יהודי,03-571-1871,31,"801
802
802 נספח
803"
525923,תיכונית רעים,חולון,נחמיה 13,תל אביב,"חט""ע",יהודי,03-559-8829,31,"801
802
802 נספח
803
804 ג
804 ד
804/806 א
804/806 ב'
804/806 נספח א' גיאומטריה המעגל
804/806 נספח ב' פונקציות רציונליות
805
806 ג
806 ד
807 א
807 ב"
460436,תיכון רמון,ירושלים,יפו 234,ירושלים,"חט""ע",יהודי,02-533-6211,31,"801
802
802 נספח
803
804 ג
804 ד
805
806 ג
806 ד
807 א
807 ב"
615369,ישיבה לצעירים שומריה,שומריה,שומריה,דרום,"חט""ע",יהודי,077-711-0154,31,"803
804 ג
804 ד
805
806 ג
807 א
807 ב"
734301,מרגליות,אשדוד,חטיבת הנגב 45,דרום,"חט""ע",יהודי,08-866-2689,30,"801
802
802 נספח
804 ג
804 ד
804/806 א
804/806 ב'
804/806 נספח א' גיאומטריה המעגל
804/806 נספח ב' פונקציות רציונליות"
641084,עתיד אור מרגלית,באר שבע,ורבורג 7,דרום,"חט""ע",יהודי,08-623-0914,30,"804 ג
804 ד
804/806 א
804/806 ב'
804/806 נספח א' גיאומטריה המעגל
804/806 נספח ב' פונקציות רציונליות
805"
338426,תיכון דמוקרטי קשת,זכרון יעקב,דרך השיטה 28,חיפה,"חט""ע",יהודי,04-618-0461,30,"801
802
802 נספח
803
804/806 א
804/806 ב'
804/806 נספח א' גיאומטריה המעגל
804/806 נספח ב' פונקציות רציונליות
806 ג
806 ד
807 א
807 ב"
484006,תיכון חורב רעננה,רעננה,פרץ 31,מרכז,"חט""ע",יהודי,09-768-8274,30,"804 ג
804 ד
804/806 א
804/806 ב'
804/806 נספח א' גיאומטריה המעגל
804/806 נספח ב' פונקציות רציונליות
805
806 ג
806 ד"
160457,תיכון תורני עש אמתי,ירושלים,ככר ארן זלמן 7,ירושלים,"חט""ע",יהודי,02-624-4702,30,"801
802
802 נספח
803
804 ג
804 ד
804/806 א
804/806 ב'
804/806 נספח א' גיאומטריה המעגל
804/806 נספח ב' פונקציות רציונליות
805
806 ג
806 ד
807 א
807 ב"
480129,בן-יקיר,"כפר הרא""ה","כפר הרא""ה",מרכז,"חט""ע",יהודי,04-616-0228,30,"804 ג
804 ד
804/806 א
804/806 ב'
804/806 נספח א' גיאומטריה המעגל
804/806 נספח ב' פונקציות רציונליות
805
806 ג
806 ד
807 א
807 ב"
560268,סמינר ב.יעקב תל ציון,תל ציון,מקור ברוך 2,ירושלים,"חט""ע",יהודי,02-570-0387,29,"803
804 ג
804 ד
804/806 א
804/806 ב'
804/806 נספח א' גיאומטריה המעגל
804/806 נספח ב' פונקציות רציונליות
805"
641969,בית חיה מושקא,מגדל העמק,שפירא ישראל 5,צפון,"חט""ע",יהודי,04-650-7790,29,"804 ג
804 ד
804/806 א
804/806 ב'
805
806 ג
806 ד
807 א
807 ב"
372946,אל-אמל,משהד,משהד,צפון,"חט""ע",ערבי,04-641-9189,29,"804 ג
804 ד
804/806 א
804/806 ב'
804/806 נספח א' גיאומטריה המעגל
804/806 נספח ב' פונקציות רציונליות
805
806 ג
806 ד
807 א
807 ב"
660332,שערי רחמים,ירושלים,מיכל 7,ירושלים,"חט""ע",יהודי,02-540-2131,28,"804 ג
804 ד
804/806 א
804/806 ב'
804/806 נספח א' גיאומטריה המעגל
804/806 נספח ב' פונקציות רציונליות
805"
421198,טומשין הבית של תמר,ראשון לציון,הרצל 117,מרכז,"חט""ע",יהודי,03-956-0906,28,"801
802
802 נספח
803
804 ג
804 ד
804/806 א
804/806 ב'
804/806 נספח א' גיאומטריה המעגל
804/806 נספח ב' פונקציות רציונליות
805"
441022,שער אליעזר בנות,רחובות,חפץ חיים 28,מרכז,"חט""ע",יהודי,08-949-2297,28,"801
802
802 נספח
803
804 ג
804 ד"
199109,"סמינר ב""י אפיקי דעה",ירושלים,"מרן הגרי""ש אלישיב 4",ירושלים,"חט""ע",יהודי,02-501-2101,27,"803
804 ג
804 ד
804/806 א
804/806 ב'
804/806 נספח א' גיאומטריה המעגל
804/806 נספח ב' פונקציות רציונליות
805
806 ג
806 ד
807 א
807 ב"
440933,תיכון בית יעקב,עמנואל,הגאון מוילנה 28,מרכז,"חט""ע",יהודי,09-792-1540,27,"801
803
804 ג
804 ד
805"
641142,גימנסיה באר שבע,באר שבע,החלוץ 89,דרום,"חט""ע",יהודי,08-628-0498,27,"801
802
802 נספח
803
804 ג
804 ד
804/806 א
804/806 ב'
804/806 נספח א' גיאומטריה המעגל
804/806 נספח ב' פונקציות רציונליות
805
806 ג
806 ד
807 א
807 ב"
733584,דמוקרטי בעמק- התיכון,נהלל,נהלל 1,צפון,"חט""ע",יהודי,077-420-0712,27,"801
802
802 נספח
803
804 ג
804 ד
804/806 א
804/806 ב'
804/806 נספח א' גיאומטריה המעגל
804/806 נספח ב' פונקציות רציונליות
805
806 ג
806 ד
807 א
807 ב"
748574,רגבים בנימין,מעלה מכמש,מעלה מכמש,ירושלים,"חט""ע",יהודי,04-676-1027,26,"802
802 נספח
803
804 ג
804 ד
805"
478768,תורת אמך,בית שמש,"האדמו""ר מבעלזא 12",ירושלים,"חט""ע",יהודי,02-992-0681,26,"סאלד א - ספר ורוד
סאלד ב- ספר סגול
סאלד ג- ספר כחול (גאומטריה)"
144196,המדרשה החסידית,ביתר עילית,רבי עקיבא 100,ירושלים,"חט""ע",יהודי,02-580-7336,25,"801
802
802 נספח
803
804 ג
804 ד
804/806 א
804/806 ב'
804/806 נספח א' גיאומטריה המעגל
804/806 נספח ב' פונקציות רציונליות
805"
478875,סמינר לפידות,ירושלים,בית יצחק 1,ירושלים,"חט""ע",יהודי,02-654-4642,25,"801
802
802 נספח
803
804 ג
804 ד
804/806 א
804/806 ב'
804/806 נספח א' גיאומטריה המעגל
804/806 נספח ב' פונקציות רציונליות
805
806 ג
806 ד
807 א
807 ב"
770727,"אולפנת בנ""ע טל רמות",ירושלים,רקנטי אברהם 8,ירושלים,"חט""ע",יהודי,02-642-8830,25,"804 ג
804 ד
804/806 א
804/806 ב'
804/806 נספח א' גיאומטריה המעגל
804/806 נספח ב' פונקציות רציונליות
805"
541466,שירת חנה,תל אביב - יפו,דרך ההגנה 106,תל אביב,"חט""ע",יהודי,03-537-2031,25,"804 ג
804 ד
804/806 א
804/806 ב'
804/806 נספח א' גיאומטריה המעגל
804/806 נספח ב' פונקציות רציונליות
805"
442517,סמינר בית מרגלית,אלעד,רבי יהושע 5,מרכז,"חט""ע",יהודי,03-916-0846,25,"801
802
802 נספח
803
804 ג
804 ד
804/806 א
804/806 ב'
804/806 נספח א' גיאומטריה המעגל
804/806 נספח ב' פונקציות רציונליות
805"
711564,תבונות,ביתר עילית,הרב אוירבך 13,ירושלים,"חט""ע",יהודי,02-628-2626,25,"801
802
802 נספח
803
804 ג
804 ד
804/806 א
804/806 ב'
804/806 נספח א' גיאומטריה המעגל
804/806 נספח ב' פונקציות רציונליות
805"
615344,שירת ברכה,שדרות,קרן קיימת לישראל 26,דרום,"חט""ע",יהודי,08-661-3130,25,"804 ג
804 ד
804/806 א
804/806 ב'
804/806 נספח א' גיאומטריה המעגל
804/806 נספח ב' פונקציות רציונליות
805
806 ג
806 ד
807 א
807 ב"
759399,תיכון דמוקרטי,הוד השרון,הבנים 53,מרכז,"חט""ע",יהודי,09-745-6345,24,"802 נספח
803
804 ג
804 ד
805
806 ג
806 ד
807 א
807 ב"
340711,אור חדש - בנות,רכסים,הרב קוק,חיפה,"חט""ע",יהודי,04-984-6511,24,"803
804 ג
804 ד
804/806 א
804/806 ב'
804/806 נספח א' גיאומטריה המעגל
804/806 נספח ב' פונקציות רציונליות"
510008,בית אקשטיין אור יהודה,אור יהודה,הרצל 44,תל אביב,"חט""ע",יהודי,050-762-8346,24,"801
802
802 נספח
803
804 ג
804 ד
804/806 א
804/806 ב'
804/806 נספח א' גיאומטריה המעגל
804/806 נספח ב' פונקציות רציונליות"
340737,אולפנת צביה חיפה,חיפה,רבי עקיבא 40,חיפה,"חט""ע",יהודי,04-866-8060,24,"801
802
802 נספח
803"
519223,זיו אור,כפר חיטים,כפר חיטים,צפון,"חט""ע",יהודי,04-912-6075,23,"801
802
802 נספח
803
804 ג
804 ד
804/806 א
804/806 ב'
804/806 נספח א' גיאומטריה המעגל
804/806 נספח ב' פונקציות רציונליות
805"
741033,אדם ואדמה- ערבה,חצבה,חצבה,דרום,"חט""ע",יהודי,04-688-6404,23,"801
802
802 נספח
803
804 ג
804 ד
804/806 א
804/806 ב'
804/806 נספח א' גיאומטריה המעגל
804/806 נספח ב' פונקציות רציונליות
805
806 ג
806 ד
807 א
807 ב"
142372,ישיבת אורייתא דרכא,ירושלים,חפצדי נחום 5,ירושלים,"חט""ע",יהודי,02-563-5890,23,"801
802
802 נספח
803
804 ג
804 ד
804/806 א
804/806 ב'
804/806 נספח א' גיאומטריה המעגל
804/806 נספח ב' פונקציות רציונליות
805
806 ג
806 ד
807 א
807 ב"
643569,כרם חיה מושקא,צפת,"הפלמ""ח 3",צפון,"חט""ע",יהודי,077-450-3770,23,"804 ג
804 ד
805"
771030,מוסדות מגדל אור,מגדל העמק,אלי כהן 1,צפון,"חט""ע",יהודי,073-222-7300,22,"801
802
802 נספח
805"
749077,סמינר שושנים,ירושלים,בית יצחק 1,ירושלים,"חט""ע",יהודי,02-373-0250,21,"801
802
802 נספח
803
804 ג
804 ד
804/806 א
804/806 ב'
804/806 נספח א' גיאומטריה המעגל
804/806 נספח ב' פונקציות רציונליות"
471995,דעת תבונות,ירושלים,תורה ועבודה 1,ירושלים,"חט""ע",יהודי,02-644-1111,20,"801
802
802 נספח
803
804 ג
804 ד
804/806 א
804/806 ב'
804/806 נספח א' גיאומטריה המעגל
804/806 נספח ב' פונקציות רציונליות"
440677,דרכי שרה,ירושלים,כנפי נשרים 31,ירושלים,"חט""ע",יהודי,02-563-5776,18,"804 ג
804 ד
804/806 א
804/806 ב'
805"
667097,תיכון כה תאמר,קרית גת,שד גת 120,דרום,"חט""ע",יהודי,04-580-0000,18,"803
חוברת קדם אנליזה"
238527,אור חדש,בית שמש,בני דן 1,ירושלים,"חט""ע",יהודי,02-999-6898,17,"801
802
802 נספח
803
804 ג
804 ד
804/806 א
804/806 ב'
804/806 נספח א' גיאומטריה המעגל
804/806 נספח ב' פונקציות רציונליות
805
806 ג
806 ד
807 א
807 ב"
174391,חינוך ברמה לבנות,ירושלים,בן ציון 18,ירושלים,"חט""ע",יהודי,02-651-3461,17,"801
802
802 נספח
803
804/806 א
804/806 ב'
804/806 נספח א' גיאומטריה המעגל
804/806 נספח ב' פונקציות רציונליות
806 ג
806 ד
807 א
807 ב"
756205,שובו מיטב ראשלצ,ראשון לציון,השר שפירא משה 7,מרכז,"חט""ע",יהודי,03-794-1351,17,"802
802 נספח"
745901,בנות מלך,נתניה,השומר 4,תל אביב,"חט""ע",יהודי,09-885-3363,16,"801
802
802 נספח
803
804 ג
804 ד
804/806 א
804/806 ב'
804/806 נספח א' גיאומטריה המעגל
804/806 נספח ב' פונקציות רציונליות
805"
484246,שחר,רחובות,הרב בר שאול 14,מרכז,"חט""ע",יהודי,08-662-6477,16,"802
802 נספח
803
804 ג
804 ד"
170282,בית עולות,ירושלים,"מעגלי הרי""ם לוין 29",ירושלים,"חט""ע",יהודי,02-581-1338,16,"801
803"
548040,תיכון סנט מיכאל,תל אביב - יפו,יפת 40,תל אביב,"חט""ע",ערבי,03-518-9358,16,"801
802
802 נספח
803
804 ג
804 ד
804/806 א
804/806 ב'
804/806 נספח א' גיאומטריה המעגל
804/806 נספח ב' פונקציות רציונליות
805
806 ג
806 ד
807 א
807 ב"
712943,נתיבות חכמה,מודיעין עילית,שכ נאות הפסגה,ירושלים,"חט""ע",יהודי,08-651-5361,14,"802
802 נספח
803
805"
367748,תיכון פסגת אמיר,חריש,אורן 60,חיפה,"חט""ע",יהודי,04-625-7540,13,"801
802
802 נספח
803"
749895,בנות ציון,בני ברק,בירנבוים 1,תל אביב,"חט""ע",יהודי,03-674-9239,13,"801
802
802 נספח
803"
520221,ניב לחרשים,תל אביב - יפו,עמינדב 26,תל אביב,"חט""ע",יהודי,03-562-3412,13,"801
802
802 נספח
803"
442897,אורט אולפנית קרית שמונה,קרית שמונה,הנשיא 52,צפון,"חט""ע",יהודי,04-695-1402,4,"804 ג
804 ד
804/806 א
804/806 ב'
805
806 ג
806 ד
807 א
807 ב"
,,,,,,,,,
,,,,,,,,,
,,,,,,,,,
,,,,,,,,,
,,,,,,,,,
,,,,,,,,,
,,,,,,,,,
,,,,,,,,,
,,,,,,,,,
,,,,,,,,,
,,,,,,,,,
,,,,,,,,,
,,,,,,,,,
,,,,,,,,,
,,,,,,,,,
,,,,,,,,,
,,,,,,,,,
,,,,,,,,,
,,,,,,,,,
,,,,,,,,,
,,,,,,,,,
,,,,,,,,,
,,,,,,,,,
,,,,,,,,,
,,,,,,,,,
,,,,,,,,,
,,,,,,,,,
,,,,,,,,,
,,,,,,,,,
,,,,,,,,,
,,,,,,,,,
,,,,,,,,,
,,,,,,,,,
,,,,,,,,,
,,,,,,,,,
,,,,,,,,,
,,,,,,,,,
,,,,,,,,,
,,,,,,,,,
,,,,,,,,,
,,,,,,,,,
,,,,,,,,,
,,,,,,,,,
,,,,,,,,,
,,,,,,,,,
,,,,,,,,,
,,,,,,,,,
,,,,,,,,,
,,,,,,,,,
,,,,,,,,,
,,,,,,,,,
,,,,,,,,,
,,,,,,,,,
,,,,,,,,,
,,,,,,,,,
,,,,,,,,,
,,,,,,,,,
,,,,,,,,,
,,,,,,,,,
,,,,,,,,,
,,,,,,,,,
,,,,,,,,,
,,,,,,,,,
,,,,,,,,,
,,,,,,,,,
,,,,,,,,,
,,,,,,,,,
,,,,,,,,,
,,,,,,,,,
,,,,,,,,,
,,,,,,,,,
,,,,,,,,,
,,,,,,,,,
,,,,,,,,,
,,,,,,,,,
,,,,,,,,,
,,,,,,,,,
,,,,,,,,,
,,,,,,,,,
,,,,,,,,,
,,,,,,,,,
,,,,,,,,,
,,,,,,,,,
,,,,,,,,,
,,,,,,,,,
,,,,,,,,,
,,,,,,,,,
,,,,,,,,,
,,,,,,,,,
,,,,,,,,,
,,,,,,,,,
,,,,,,,,,
,,,,,,,,,
,,,,,,,,,
,,,,,,,,,
,,,,,,,,,
,,,,,,,,,
,,,,,,,,,
,,,,,,,,,
,,,,,,,,,
,,,,,,,,,
,,,,,,,,,
,,,,,,,,,
,,,,,,,,,
,,,,,,,,,
,,,,,,,,,
,,,,,,,,,
,,,,,,,,,
,,,,,,,,,
,,,,,,,,,
,,,,,,,,,
,,,,,,,,,
,,,,,,,,,
,,,,,,,,,
,,,,,,,,,
,,,,,,,,,
,,,,,,,,,
,,,,,,,,,
,,,,,,,,,
,,,,,,,,,
,,,,,,,,,
,,,,,,,,,
,,,,,,,,,
,,,,,,,,,
,,,,,,,,,
,,,,,,,,,
,,,,,,,,,
,,,,,,,,,
,,,,,,,,,
,,,,,,,,,
,,,,,,,,,
,,,,,,,,,
,,,,,,,,,
,,,,,,,,,
,,,,,,,,,
,,,,,,,,,
,,,,,,,,,
,,,,,,,,,
,,,,,,,,,
,,,,,,,,,
,,,,,,,,,
,,,,,,,,,
,,,,,,,,,
,,,,,,,,,
,,,,,,,,,
,,,,,,,,,
,,,,,,,,,
,,,,,,,,,
,,,,,,,,,
,,,,,,,,,
,,,,,,,,,
,,,,,,,,,
,,,,,,,,,
,,,,,,,,,
,,,,,,,,,
,,,,,,,,,
,,,,,,,,,
,,,,,,,,,
,,,,,,,,,
,,,,,,,,,
,,,,,,,,,
,,,,,,,,,
,,,,,,,,,
,,,,,,,,,
,,,,,,,,,
,,,,,,,,,
,,,,,,,,,
,,,,,,,,,
,,,,,,,,,
,,,,,,,,,
,,,,,,,,,
,,,,,,,,,
,,,,,,,,,
,,,,,,,,,
,,,,,,,,,
,,,,,,,,,
,,,,,,,,,
,,,,,,,,,
,,,,,,,,,
,,,,,,,,,
,,,,,,,,,
,,,,,,,,,
,,,,,,,,,
,,,,,,,,,
,,,,,,,,,
,,,,,,,,,
,,,,,,,,,
,,,,,,,,,
,,,,,,,,,
,,,,,,,,,
,,,,,,,,,
,,,,,,,,,
,,,,,,,,,
,,,,,,,,,
,,,,,,,,,
,,,,,,,,,
,,,,,,,,,
,,,,,,,,,
,,,,,,,,,
,,,,,,,,,
,,,,,,,,,
,,,,,,,,,
,,,,,,,,,
,,,,,,,,,
,,,,,,,,,
,,,,,,,,,
,,,,,,,,,
,,,,,,,,,
,,,,,,,,,
,,,,,,,,,
,,,,,,,,,
,,,,,,,,,
,,,,,,,,,
,,,,,,,,,
,,,,,,,,,
,,,,,,,,,
,,,,,,,,,
,,,,,,,,,
,,,,,,,,,
,,,,,,,,,
,,,,,,,,,
,,,,,,,,,
,,,,,,,,,
,,,,,,,,,
,,,,,,,,,
,,,,,,,,,
,,,,,,,,,
,,,,,,,,,
,,,,,,,,,
,,,,,,,,,
,,,,,,,,,
,,,,,,,,,
,,,,,,,,,
,,,,,,,,,
,,,,,,,,,
,,,,,,,,,
,,,,,,,,,
,,,,,,,,,
,,,,,,,,,
,,,,,,,,,
,,,,,,,,,
,,,,,,,,,
,,,,,,,,,
,,,,,,,,,
,,,,,,,,,
,,,,,,,,,
,,,,,,,,,
,,,,,,,,,
,,,,,,,,,
,,,,,,,,,
,,,,,,,,,
,,,,,,,,,
,,,,,,,,,
,,,,,,,,,
,,,,,,,,,
,,,,,,,,,
,,,,,,,,,
,,,,,,,,,
,,,,,,,,,
,,,,,,,,,
,,,,,,,,,
,,,,,,,,,
,,,,,,,,,
,,,,,,,,,
,,,,,,,,,
,,,,,,,,,
,,,,,,,,,
,,,,,,,,,
,,,,,,,,,
,,,,,,,,,
,,,,,,,,,
,,,,,,,,,
,,,,,,,,,
,,,,,,,,,
,,,,,,,,,
,,,,,,,,,
,,,,,,,,,
,,,,,,,,,
,,,,,,,,,
,,,,,,,,,
,,,,,,,,,
,,,,,,,,,
,,,,,,,,,
,,,,,,,,,
,,,,,,,,,
,,,,,,,,,
,,,,,,,,,
,,,,,,,,,
,,,,,,,,,
,,,,,,,,,
,,,,,,,,,
,,,,,,,,,
,,,,,,,,,
,,,,,,,,,
,,,,,,,,,
,,,,,,,,,
,,,,,,,,,
,,,,,,,,,
,,,,,,,,,
,,,,,,,,,
,,,,,,,,,
,,,,,,,,,
,,,,,,,,,
,,,,,,,,,
,,,,,,,,,
,,,,,,,,,
,,,,,,,,,
,,,,,,,,,
,,,,,,,,,
,,,,,,,,,
,,,,,,,,,
,,,,,,,,,
,,,,,,,,,
,,,,,,,,,
,,,,,,,,,
,,,,,,,,,
,,,,,,,,,
,,,,,,,,,
,,,,,,,,,
,,,,,,,,,
,,,,,,,,,
,,,,,,,,,
,,,,,,,,,
,,,,,,,,,
,,,,,,,,,
,,,,,,,,,
,,,,,,,,,
,,,,,,,,,
,,,,,,,,,
,,,,,,,,,
,,,,,,,,,
,,,,,,,,,
,,,,,,,,,
,,,,,,,,,
,,,,,,,,,
,,,,,,,,,
,,,,,,,,,
,,,,,,,,,
,,,,,,,,,
,,,,,,,,,
,,,,,,,,,
,,,,,,,,,
,,,,,,,,,
,,,,,,,,,
,,,,,,,,,
,,,,,,,,,
,,,,,,,,,
,,,,,,,,,
,,,,,,,,,
,,,,,,,,,
,,,,,,,,,
,,,,,,,,,
,,,,,,,,,
,,,,,,,,,
,,,,,,,,,
,,,,,,,,,
,,,,,,,,,
,,,,,,,,,
,,,,,,,,,
,,,,,,,,,
,,,,,,,,,
,,,,,,,,,
,,,,,,,,,
,,,,,,,,,
,,,,,,,,,
,,,,,,,,,
,,,,,,,,,
,,,,,,,,,
,,,,,,,,,
,,,,,,,,,
,,,,,,,,,
,,,,,,,,,
,,,,,,,,,
,,,,,,,,,
,,,,,,,,,
,,,,,,,,,
,,,,,,,,,
,,,,,,,,,
,,,,,,,,,
,,,,,,,,,
,,,,,,,,,
,,,,,,,,,
,,,,,,,,,
,,,,,,,,,
,,,,,,,,,
,,,,,,,,,
,,,,,,,,,
,,,,,,,,,
,,,,,,,,,
,,,,,,,,,
,,,,,,,,,
,,,,,,,,,
,,,,,,,,,
,,,,,,,,,
,,,,,,,,,
,,,,,,,,,
,,,,,,,,,
,,,,,,,,,
,,,,,,,,,
,,,,,,,,,
,,,,,,,,,
,,,,,,,,,
,,,,,,,,,
,,,,,,,,,
,,,,,,,,,
,,,,,,,,,
,,,,,,,,,
,,,,,,,,,
,,,,,,,,,
,,,,,,,,,
,,,,,,,,,
,,,,,,,,,
,,,,,,,,,
,,,,,,,,,
,,,,,,,,,
,,,,,,,,,
,,,,,,,,,
,,,,,,,,,
,,,,,,,,,
,,,,,,,,,
,,,,,,,,,
,,,,,,,,,
,,,,,,,,,
,,,,,,,,,
,,,,,,,,,
,,,,,,,,,
,,,,,,,,,
,,,,,,,,,
,,,,,,,,,
,,,,,,,,,
,,,,,,,,,
,,,,,,,,,
,,,,,,,,,
,,,,,,,,,
,,,,,,,,,
,,,,,,,,,
,,,,,,,,,
,,,,,,,,,
,,,,,,,,,
,,,,,,,,,
,,,,,,,,,
,,,,,,,,,
,,,,,,,,,
,,,,,,,,,
,,,,,,,,,
,,,,,,,,,
,,,,,,,,,
,,,,,,,,,
,,,,,,,,,
,,,,,,,,,
,,,,,,,,,
,,,,,,,,,
,,,,,,,,,
,,,,,,,,,
,,,,,,,,,
,,,,,,,,,
,,,,,,,,,
,,,,,,,,,
,,,,,,,,,
,,,,,,,,,
,,,,,,,,,
,,,,,,,,,
,,,,,,,,,
,,,,,,,,,
,,,,,,,,,
,,,,,,,,,
,,,,,,,,,
,,,,,,,,,
,,,,,,,,,
,,,,,,,,,
,,,,,,,,,
,,,,,,,,,
,,,,,,,,,
,,,,,,,,,
,,,,,,,,,
,,,,,,,,,
,,,,,,,,,
,,,,,,,,,
,,,,,,,,,
,,,,,,,,,
,,,,,,,,,
,,,,,,,,,
,,,,,,,,,
,,,,,,,,,
,,,,,,,,,
,,,,,,,,,
,,,,,,,,,
,,,,,,,,,
,,,,,,,,,
,,,,,,,,,
,,,,,,,,,
,,,,,,,,,
,,,,,,,,,
,,,,,,,,,
,,,,,,,,,
,,,,,,,,,
,,,,,,,,,
,,,,,,,,,
,,,,,,,,,
,,,,,,,,,
,,,,,,,,,
,,,,,,,,,
,,,,,,,,,
,,,,,,,,,
,,,,,,,,,
,,,,,,,,,
,,,,,,,,,
,,,,,,,,,
,,,,,,,,,
,,,,,,,,,
,,,,,,,,,
,,,,,,,,,
,,,,,,,,,
,,,,,,,,,
,,,,,,,,,
,,,,,,,,,
,,,,,,,,,
,,,,,,,,,
,,,,,,,,,
,,,,,,,,,
,,,,,,,,,
,,,,,,,,,
,,,,,,,,,
,,,,,,,,,
,,,,,,,,,
,,,,,,,,,
,,,,,,,,,
,,,,,,,,,
,,,,,,,,,
,,,,,,,,,
,,,,,,,,,
,,,,,,,,,
,,,,,,,,,
,,,,,,,,,
,,,,,,,,,
,,,,,,,,,
,,,,,,,,,
,,,,,,,,,
,,,,,,,,,
,,,,,,,,,
,,,,,,,,,
,,,,,,,,,
,,,,,,,,,
,,,,,,,,,
,,,,,,,,,
,,,,,,,,,
,,,,,,,,,
,,,,,,,,,
,,,,,,,,,
,,,,,,,,,
,,,,,,,,,
,,,,,,,,,
,,,,,,,,,
,,,,,,,,,
,,,,,,,,,
,,,,,,,,,
,,,,,,,,,
,,,,,,,,,
,,,,,,,,,
,,,,,,,,,
,,,,,,,,,
,,,,,,,,,
,,,,,,,,,
,,,,,,,,,
,,,,,,,,,
,,,,,,,,,
,,,,,,,,,
,,,,,,,,,
,,,,,,,,,
,,,,,,,,,
,,,,,,,,,
,,,,,,,,,
,,,,,,,,,
,,,,,,,,,
,,,,,,,,,
,,,,,,,,,
,,,,,,,,,
,,,,,,,,,
,,,,,,,,,
,,,,,,,,,
,,,,,,,,,
,,,,,,,,,
,,,,,,,,,
,,,,,,,,,
,,,,,,,,,
,,,,,,,,,
,,,,,,,,,
,,,,,,,,,
,,,,,,,,,
,,,,,,,,,
,,,,,,,,,
,,,,,,,,,
,,,,,,,,,
,,,,,,,,,
,,,,,,,,,
,,,,,,,,,
,,,,,,,,,
,,,,,,,,,
,,,,,,,,,
,,,,,,,,,
,,,,,,,,,
,,,,,,,,,
,,,,,,,,,
,,,,,,,,,
,,,,,,,,,
,,,,,,,,,
,,,,,,,,,
,,,,,,,,,
,,,,,,,,,
,,,,,,,,,
,,,,,,,,,
,,,,,,,,,
,,,,,,,,,
,,,,,,,,,
,,,,,,,,,
,,,,,,,,,
,,,,,,,,,
,,,,,,,,,
,,,,,,,,,
,,,,,,,,,
,,,,,,,,,
,,,,,,,,,
,,,,,,,,,
,,,,,,,,,
,,,,,,,,,
,,,,,,,,,
,,,,,,,,,
,,,,,,,,,
,,,,,,,,,
,,,,,,,,,
,,,,,,,,,
,,,,,,,,,
,,,,,,,,,
,,,,,,,,,
,,,,,,,,,
,,,,,,,,,
,,,,,,,,,
,,,,,,,,,
,,,,,,,,,
,,,,,,,,,
,,,,,,,,,
,,,,,,,,,
,,,,,,,,,
,,,,,,,,,
,,,,,,,,,
,,,,,,,,,
,,,,,,,,,
,,,,,,,,,
,,,,,,,,,
,,,,,,,,,
,,,,,,,,,
,,,,,,,,,
,,,,,,,,,
,,,,,,,,,
,,,,,,,,,
,,,,,,,,,
,,,,,,,,,
,,,,,,,,,
,,,,,,,,,
,,,,,,,,,
,,,,,,,,,
,,,,,,,,,
,,,,,,,,,
,,,,,,,,,
,,,,,,,,,
,,,,,,,,,
,,,,,,,,,
,,,,,,,,,
,,,,,,,,,
,,,,,,,,,
,,,,,,,,,
,,,,,,,,,
,,,,,,,,,
,,,,,,,,,
,,,,,,,,,
,,,,,,,,,
,,,,,,,,,
,,,,,,,,,
,,,,,,,,,
,,,,,,,,,
,,,,,,,,,
,,,,,,,,,
,,,,,,,,,
,,,,,,,,,
,,,,,,,,,
,,,,,,,,,
,,,,,,,,,
,,,,,,,,,
,,,,,,,,,
,,,,,,,,,
,,,,,,,,,
,,,,,,,,,
,,,,,,,,,
,,,,,,,,,
,,,,,,,,,
,,,,,,,,,
,,,,,,,,,
,,,,,,,,,
,,,,,,,,,
,,,,,,,,,
,,,,,,,,,
,,,,,,,,,
,,,,,,,,,
,,,,,,,,,
,,,,,,,,,
,,,,,,,,,
,,,,,,,,,
,,,,,,,,,
,,,,,,,,,
,,,,,,,,,
,,,,,,,,,
,,,,,,,,,
,,,,,,,,,
,,,,,,,,,
,,,,,,,,,
,,,,,,,,,
,,,,,,,,,
,,,,,,,,,
,,,,,,,,,
,,,,,,,,,
,,,,,,,,,
,,,,,,,,,
,,,,,,,,,
,,,,,,,,,
,,,,,,,,,
,,,,,,,,,
,,,,,,,,,
,,,,,,,,,
,,,,,,,,,
,,,,,,,,,
,,,,,,,,,
,,,,,,,,,
,,,,,,,,,
,,,,,,,,,
,,,,,,,,,
,,,,,,,,,
,,,,,,,,,
,,,,,,,,,
,,,,,,,,,
,,,,,,,,,
,,,,,,,,,
,,,,,,,,,
,,,,,,,,,
,,,,,,,,,
,,,,,,,,,
,,,,,,,,,
,,,,,,,,,
,,,,,,,,,
,,,,,,,,,
,,,,,,,,,
,,,,,,,,,
,,,,,,,,,
,,,,,,,,,
,,,,,,,,,
,,,,,,,,,
,,,,,,,,,
,,,,,,,,,
,,,,,,,,,
,,,,,,,,,
,,,,,,,,,
,,,,,,,,,
,,,,,,,,,
,,,,,,,,,
,,,,,,,,,
,,,,,,,,,
,,,,,,,,,
,,,,,,,,,
,,,,,,,,,
,,,,,,,,,
,,,,,,,,,
,,,,,,,,,
,,,,,,,,,
,,,,,,,,,
,,,,,,,,,
,,,,,,,,,
,,,,,,,,,
,,,,,,,,,
,,,,,,,,,
,,,,,,,,,
,,,,,,,,,
,,,,,,,,,
,,,,,,,,,
,,,,,,,,,
,,,,,,,,,
,,,,,,,,,
,,,,,,,,,
,,,,,,,,,
,,,,,,,,,
,,,,,,,,,
,,,,,,,,,
,,,,,,,,,
,,,,,,,,,
,,,,,,,,,
,,,,,,,,,
,,,,,,,,,
,,,,,,,,,
,,,,,,,,,
,,,,,,,,,
,,,,,,,,,
,,,,,,,,,
,,,,,,,,,
,,,,,,,,,
,,,,,,,,,
,,,,,,,,,
,,,,,,,,,
,,,,,,,,,
,,,,,,,,,
,,,,,,,,,
,,,,,,,,,
,,,,,,,,,
,,,,,,,,,
,,,,,,,,,
,,,,,,,,,
,,,,,,,,,
,,,,,,,,,
,,,,,,,,,
,,,,,,,,,
,,,,,,,,,
,,,,,,,,,
,,,,,,,,,
,,,,,,,,,
,,,,,,,,,
,,,,,,,,,
,,,,,,,,,
,,,,,,,,,
,,,,,,,,,
,,,,,,,,,
,,,,,,,,,
,,,,,,,,,
,,,,,,,,,
,,,,,,,,,
,,,,,,,,,
,,,,,,,,,
,,,,,,,,,
,,,,,,,,,
,,,,,,,,,
,,,,,,,,,
,,,,,,,,,
,,,,,,,,,
,,,,,,,,,
,,,,,,,,,
,,,,,,,,,
,,,,,,,,,
,,,,,,,,,
,,,,,,,,,
,,,,,,,,,
,,,,,,,,,
,,,,,,,,,
,,,,,,,,,
,,,,,,,,,
,,,,,,,,,
,,,,,,,,,
,,,,,,,,,
,,,,,,,,,
,,,,,,,,,
,,,,,,,,,
,,,,,,,,,
,,,,,,,,,
,,,,,,,,,
,,,,,,,,,
,,,,,,,,,
,,,,,,,,,
,,,,,,,,,
,,,,,,,,,
,,,,,,,,,
,,,,,,,,,
,,,,,,,,,
,,,,,,,,,
,,,,,,,,,
,,,,,,,,,
,,,,,,,,,
,,,,,,,,,
,,,,,,,,,
,,,,,,,,,
,,,,,,,,,
,,,,,,,,,
,,,,,,,,,
,,,,,,,,,
,,,,,,,,,
,,,,,,,,,
,,,,,,,,,
,,,,,,,,,
,,,,,,,,,
,,,,,,,,,
,,,,,,,,,
,,,,,,,,,
,,,,,,,,,
,,,,,,,,,
,,,,,,,,,
,,,,,,,,,
,,,,,,,,,
,,,,,,,,,
,,,,,,,,,
,,,,,,,,,
,,,,,,,,,
,,,,,,,,,
,,,,,,,,,
,,,,,,,,,
,,,,,,,,,
,,,,,,,,,
,,,,,,,,,
,,,,,,,,,
,,,,,,,,,
,,,,,,,,,
,,,,,,,,,
,,,,,,,,,
,,,,,,,,,
,,,,,,,,,
,,,,,,,,,
,,,,,,,,,
,,,,,,,,,
,,,,,,,,,
,,,,,,,,,
,,,,,,,,,
,,,,,,,,,
,,,,,,,,,
,,,,,,,,,
,,,,,,,,,
,,,,,,,,,
,,,,,,,,,
,,,,,,,,,
,,,,,,,,,
,,,,,,,,,
,,,,,,,,,
,,,,,,,,,
,,,,,,,,,
,,,,,,,,,
,,,,,,,,,
,,,,,,,,,
,,,,,,,,,
,,,,,,,,,
,,,,,,,,,
,,,,,,,,,
,,,,,,,,,
,,,,,,,,,
,,,,,,,,,
,,,,,,,,,
,,,,,,,,,
,,,,,,,,,
,,,,,,,,,
,,,,,,,,,
,,,,,,,,,
,,,,,,,,,
,,,,,,,,,
,,,,,,,,,
,,,,,,,,,
,,,,,,,,,
,,,,,,,,,
,,,,,,,,,
,,,,,,,,,
,,,,,,,,,
,,,,,,,,,
,,,,,,,,,
,,,,,,,,,
,,,,,,,,,
,,,,,,,,,
,,,,,,,,,
,,,,,,,,,
,,,,,,,,,
,,,,,,,,,
,,,,,,,,,
,,,,,,,,,
,,,,,,,,,
,,,,,,,,,
,,,,,,,,,
,,,,,,,,,
,,,,,,,,,
,,,,,,,,,
,,,,,,,,,
,,,,,,,,,
,,,,,,,,,
,,,,,,,,,
,,,,,,,,,
,,,,,,,,,
,,,,,,,,,
,,,,,,,,,
,,,,,,,,,
,,,,,,,,,
,,,,,,,,,
,,,,,,,,,
,,,,,,,,,
,,,,,,,,,
,,,,,,,,,
,,,,,,,,,
,,,,,,,,,
,,,,,,,,,
,,,,,,,,,
,,,,,,,,,
,,,,,,,,,
,,,,,,,,,
,,,,,,,,,
,,,,,,,,,
,,,,,,,,,
,,,,,,,,,
,,,,,,,,,
,,,,,,,,,
,,,,,,,,,
,,,,,,,,,
,,,,,,,,,
,,,,,,,,,
,,,,,,,,,
,,,,,,,,,
,,,,,,,,,
,,,,,,,,,
,,,,,,,,,
,,,,,,,,,
,,,,,,,,,
,,,,,,,,,
,,,,,,,,,
,,,,,,,,,
,,,,,,,,,
,,,,,,,,,
,,,,,,,,,
,,,,,,,,,
,,,,,,,,,
,,,,,,,,,
,,,,,,,,,
,,,,,,,,,
,,,,,,,,,
,,,,,,,,,
,,,,,,,,,
,,,,,,,,,
,,,,,,,,,
,,,,,,,,,
,,,,,,,,,
,,,,,,,,,
,,,,,,,,,
,,,,,,,,,
,,,,,,,,,
,,,,,,,,,
,,,,,,,,,
,,,,,,,,,
,,,,,,,,,
,,,,,,,,,
,,,,,,,,,
,,,,,,,,,
,,,,,,,,,
,,,,,,,,,
,,,,,,,,,
,,,,,,,,,
,,,,,,,,,
,,,,,,,,,
,,,,,,,,,
,,,,,,,,,
,,,,,,,,,
,,,,,,,,,
,,,,,,,,,
,,,,,,,,,
,,,,,,,,,
,,,,,,,,,
,,,,,,,,,
,,,,,,,,,
,,,,,,,,,
,,,,,,,,,
,,,,,,,,,
,,,,,,,,,
,,,,,,,,,
,,,,,,,,,
,,,,,,,,,
,,,,,,,,,
,,,,,,,,,
,,,,,,,,,
,,,,,,,,,
,,,,,,,,,
,,,,,,,,,
,,,,,,,,,
,,,,,,,,,
,,,,,,,,,
,,,,,,,,,
,,,,,,,,,
,,,,,,,,,
,,,,,,,,,
,,,,,,,,,
,,,,,,,,,
,,,,,,,,,
,,,,,,,,,
,,,,,,,,,
,,,,,,,,,
,,,,,,,,,
,,,,,,,,,
,,,,,,,,,
,,,,,,,,,
,,,,,,,,,
,,,,,,,,,
,,,,,,,,,
,,,,,,,,,
,,,,,,,,,
,,,,,,,,,
,,,,,,,,,
,,,,,,,,,
,,,,,,,,,
,,,,,,,,,
,,,,,,,,,
,,,,,,,,,
,,,,,,,,,
,,,,,,,,,
,,,,,,,,,
,,,,,,,,,
,,,,,,,,,
,,,,,,,,,
,,,,,,,,,
,,,,,,,,,
,,,,,,,,,
,,,,,,,,,
,,,,,,,,,
,,,,,,,,,
,,,,,,,,,
,,,,,,,,,
,,,,,,,,,
,,,,,,,,,
,,,,,,,,,
,,,,,,,,,
,,,,,,,,,
,,,,,,,,,
,,,,,,,,,
,,,,,,,,,
,,,,,,,,,
,,,,,,,,,
,,,,,,,,,
,,,,,,,,,
,,,,,,,,,
,,,,,,,,,
,,,,,,,,,
,,,,,,,,,
,,,,,,,,,
,,,,,,,,,
,,,,,,,,,
,,,,,,,,,
,,,,,,,,,
,,,,,,,,,
,,,,,,,,,
,,,,,,,,,
,,,,,,,,,
,,,,,,,,,
,,,,,,,,,
,,,,,,,,,
,,,,,,,,,
,,,,,,,,,
,,,,,,,,,
,,,,,,,,,
,,,,,,,,,
,,,,,,,,,
,,,,,,,,,
,,,,,,,,,
,,,,,,,,,
,,,,,,,,,
,,,,,,,,,
,,,,,,,,,
,,,,,,,,,
,,,,,,,,,
,,,,,,,,,
,,,,,,,,,
,,,,,,,,,
,,,,,,,,,
,,,,,,,,,
,,,,,,,,,
,,,,,,,,,
,,,,,,,,,
,,,,,,,,,
,,,,,,,,,
,,,,,,,,,
,,,,,,,,,
,,,,,,,,,
,,,,,,,,,
,,,,,,,,,
,,,,,,,,,
,,,,,,,,,
,,,,,,,,,
,,,,,,,,,
,,,,,,,,,
,,,,,,,,,
,,,,,,,,,
